gameId,actionNumber,clock,period,teamId,teamTricode,personId,playerName,playerNameI,xLegacy,yLegacy,shotDistance,shotResult,isFieldGoal,scoreHome,scoreAway,pointsTotal,location,description,actionType,subType,videoAvailable,shotValue,actionId
0022300616,2,PT12M00.00S,1,0,,0,,,0,0,0,,0,0,0,0,,Start of 1st Period (8:11 PM EST),period,start,0,0,1
0022300616,4,PT12M00.00S,1,1610612740,NOP,202685,Valančiūnas,J. Valančiūnas,0,0,0,,0,,,0,h,Jump Ball Valanciunas vs. Collins: Tip to Williamson,Jump Ball,,1,0,2
0022300616,7,PT11M39.00S,1,1610612740,NOP,1629627,Williamson,Z. Williamson,-25,-6,3,Missed,1,,,0,h,MISS Williamson 3' Driving Layup,Missed Shot,Driving Layup Shot,1,2,3
0022300616,8,PT11M36.00S,1,1610612762,UTA,1628381,Collins,J. Collins,0,0,0,,0,,,0,v,Collins REBOUND (Off:0 Def:1),Rebound,Unknown,1,0,4
0022300616,9,PT11M33.00S,1,1610612762,UTA,1627739,Dunn,K. Dunn,223,-3,0,Missed,1,,,0,v,MISS Dunn 3PT Running Jump Shot,Missed Shot,Running Jump Shot,1,3,5
0022300616,10,PT11M30.00S,1,1610612740,NOP,1627742,Ingram,B. Ingram,0,0,0,,0,,,0,h,Ingram REBOUND (Off:0 Def:1),Rebound,Unknown,1,0,6
0022300616,11,PT11M20.00S,1,1610612740,NOP,1627742,Ingram,B. Ingram,-36,6,4,Missed,1,,,0,h,MISS Ingram 4' Driving Layup,Missed Shot,Driving Layup Shot,1,2,7
0022300616,11,PT11M20.00S,1,1610612762,UTA,1628381,Collins,J. Collins,0,0,0,,0,,,0,v,Collins BLOCK (1 BLK),,,1,2,8
0022300616,13,PT11M17.00S,1,1610612762,UTA,1628381,Collins,J. Collins,0,0,0,,0,,,0,v,Collins REBOUND (Off:0 Def:2),Rebound,Unknown,1,0,9
0022300616,14,PT11M13.00S,1,1610612762,UTA,1628374,Markkanen,L. Markkanen,-5,16,2,Made,1,0,2,2,v,Markkanen 2' Driving Layup (2 PTS),Made Shot,Driving Layup Shot,1,2,10
0022300616,15,PT10M55.00S,1,1610612740,NOP,202685,Valančiūnas,J. Valančiūnas,49,251,26,Missed,1,,,0,h,MISS Valanciunas 26' 3PT Jump Shot,Missed Shot,Jump Shot,1,3,11
0022300616,16,PT10M51.00S,1,1610612762,UTA,1628374,Markkanen,L. Markkanen,0,0,0,,0,,,0,v,Markkanen REBOUND (Off:0 Def:1),Rebound,Unknown,1,0,12
0022300616,17,PT10M47.00S,1,1610612762,UTA,1628374,Markkanen,L. Markkanen,-50,20,5,Made,1,0,4,4,v,Markkanen 5' Running Layup (4 PTS),Made Shot,Running Layup Shot,1,2,13
0022300616,18,PT10M40.00S,1,1610612740,NOP,202685,Valančiūnas,J. Valančiūnas,0,0,0,,0,,,0,h,Valanciunas Traveling Turnover (P1.T1),Turnover,Traveling,1,0,14
0022300616,19,PT10M20.00S,1,1610612762,UTA,1628381,Collins,J. Collins,-1,62,6,Missed,1,,,0,v,MISS Collins 6' Turnaround Hook Shot,Missed Shot,Turnaround Hook Shot,1,2,15
0022300616,20,PT10M18.00S,1,1610612740,NOP,202685,Valančiūnas,J. Valančiūnas,0,0,0,,0,,,0,h,Valanciunas REBOUND (Off:0 Def:1),Rebound,Unknown,1,0,16
0022300616,21,PT10M11.00S,1,1610612740,NOP,1630529,Jones,H. Jones,233,6,0,Made,1,3,4,7,h,Jones 3PT Jump Shot (3 PTS) (Williamson 1 AST),Made Shot,Jump Shot,1,3,17
0022300616,23,PT09M57.00S,1,1610612762,UTA,1628374,Markkanen,L. Markkanen,34,123,13,Missed,1,,,0,v,MISS Markkanen 13' Turnaround Fadeaway Shot,Missed Shot,Turnaround Fadeaway shot,1,2,18
0022300616,24,PT09M54.00S,1,1610612740,NOP,203468,McCollum,C. McCollum,0,0,0,,0,,,0,h,McCollum REBOUND (Off:0 Def:1),Rebound,Unknown,1,0,19
0022300616,25,PT09M50.00S,1,1610612740,NOP,203468,McCollum,C. McCollum,6,250,25,Made,1,6,4,10,h,McCollum 25' 3PT Running Pull-Up Jump Shot (3 PTS),Made Shot,Running Pull-Up Jump Shot,1,3,20
0022300616,26,PT09M40.00S,1,1610612740,NOP,1627742,Ingram,B. Ingram,0,0,0,,0,,,0,h,Ingram S.FOUL (P1.T1) (N.Buchert),Foul,Shooting,1,0,21
0022300616,28,PT09M40.00S,1,1610612762,UTA,1629012,Sexton,C. Sexton,0,0,0,,0,6,5,11,v,Sexton Free Throw 1 of 2 (1 PTS),Free Throw,Free Throw 1 of 2,1,0,22
0022300616,29,PT09M40.00S,1,1610612762,UTA,1629012,Sexton,C. Sexton,0,0,0,,0,6,6,12,v,Sexton Free Throw 2 of 2 (2 PTS),Free Throw,Free Throw 2 of 2,1,0,23
0022300616,30,PT09M20.00S,1,1610612740,NOP,203468,McCollum,C. McCollum,-13,56,6,Made,1,8,6,14,h,McCollum 6' Driving Floating Jump Shot (5 PTS),Made Shot,Driving Floating Jump Shot,1,2,24
0022300616,32,PT09M10.00S,1,1610612762,UTA,1628381,Collins,J. Collins,9,267,27,Missed,1,,,0,v,MISS Collins 27' 3PT Jump Shot,Missed Shot,Jump Shot,1,3,25
0022300616,33,PT09M08.00S,1,1610612740,NOP,1629627,Williamson,Z. Williamson,0,0,0,,0,,,0,h,Williamson REBOUND (Off:0 Def:1),Rebound,Unknown,1,0,26
0022300616,34,PT09M01.00S,1,1610612740,NOP,202685,Valančiūnas,J. Valančiūnas,25,6,3,Made,1,10,6,16,h,Valanciunas 3' Running Layup (2 PTS) (Williamson 2 AST),Made Shot,Running Layup Shot,1,2,27
0022300616,36,PT08M50.00S,1,1610612762,UTA,1631323,Fontecchio,S. Fontecchio,-191,197,27,Made,1,10,9,19,v,Fontecchio 27' 3PT Jump Shot (3 PTS) (Dunn 1 AST),Made Shot,Jump Shot,1,3,28
0022300616,38,PT08M35.00S,1,1610612740,NOP,1627742,Ingram,B. Ingram,229,27,0,Missed,1,,,0,h,MISS Ingram 3PT Jump Shot,Missed Shot,Jump Shot,1,3,29
0022300616,39,PT08M34.00S,1,1610612740,NOP,202685,Valančiūnas,J. Valančiūnas,0,0,0,,0,,,0,h,Valanciunas REBOUND (Off:1 Def:1),Rebound,Unknown,1,0,30
0022300616,40,PT08M34.00S,1,1610612762,UTA,1627739,Dunn,K. Dunn,0,0,0,,0,,,0,v,Dunn S.FOUL (P1.T1) (J.Schroeder),Foul,Shooting,1,0,31
0022300616,42,PT08M34.00S,1,1610612740,NOP,202685,Valančiūnas,J. Valančiūnas,0,0,0,,0,11,9,20,h,Valanciunas Free Throw 1 of 2 (3 PTS),Free Throw,Free Throw 1 of 2,1,0,32
0022300616,43,PT08M34.00S,1,1610612740,NOP,202685,Valančiūnas,J. Valančiūnas,0,0,0,,0,,,0,h,MISS Valanciunas Free Throw 2 of 2,Free Throw,Free Throw 2 of 2,1,0,33
0022300616,44,PT08M31.00S,1,1610612762,UTA,1628381,Collins,J. Collins,0,0,0,,0,,,0,v,Collins REBOUND (Off:0 Def:3),Rebound,Unknown,1,0,34
0022300616,45,PT08M22.00S,1,1610612762,UTA,1629012,Sexton,C. Sexton,-22,17,3,Missed,1,,,0,v,MISS Sexton 3' Driving Layup,Missed Shot,Driving Layup Shot,1,2,35
0022300616,46,PT08M20.00S,1,1610612740,NOP,203468,McCollum,C. McCollum,0,0,0,,0,,,0,h,McCollum REBOUND (Off:0 Def:2),Rebound,Unknown,1,0,36
0022300616,47,PT08M03.00S,1,1610612740,NOP,1629627,Williamson,Z. Williamson,22,10,2,Made,1,13,9,22,h,Williamson 2' Layup (2 PTS) (Jones 1 AST),Made Shot,Layup Shot,1,2,37
0022300616,49,PT07M50.00S,1,1610612762,UTA,1631323,Fontecchio,S. Fontecchio,138,227,27,Missed,1,,,0,v,MISS Fontecchio 27' 3PT Jump Shot,Missed Shot,Jump Shot,1,3,38
0022300616,50,PT07M46.00S,1,1610612740,NOP,202685,Valančiūnas,J. Valančiūnas,0,0,0,,0,,,0,h,Valanciunas REBOUND (Off:1 Def:2),Rebound,Unknown,1,0,39
0022300616,51,PT07M38.00S,1,1610612740,NOP,202685,Valančiūnas,J. Valančiūnas,-127,220,25,Missed,1,,,0,h,MISS Valanciunas 25' 3PT Jump Shot,Missed Shot,Jump Shot,1,3,40
0022300616,52,PT07M35.00S,1,1610612740,NOP,203468,McCollum,C. McCollum,0,0,0,,0,,,0,h,McCollum REBOUND (Off:1 Def:2),Rebound,Unknown,1,0,41
0022300616,53,PT07M30.00S,1,1610612740,NOP,1629627,Williamson,Z. Williamson,-27,1,3,Made,1,15,9,24,h,Williamson 3' Driving Layup (4 PTS),Made Shot,Driving Layup Shot,1,2,42
0022300616,54,PT07M30.00S,1,1610612762,UTA,1627739,Dunn,K. Dunn,0,0,0,,0,,,0,v,Dunn S.FOUL (P2.T2) (N.Buchert),Foul,Shooting,1,0,43
0022300616,57,PT07M30.00S,1,1610612740,NOP,1629627,Williamson,Z. Williamson,0,0,0,,0,,,0,h,MISS Williamson Free Throw 1 of 1,Free Throw,Free Throw 1 of 1,1,0,44
0022300616,58,PT07M26.00S,1,1610612762,UTA,1628381,Collins,J. Collins,0,0,0,,0,,,0,v,Collins REBOUND (Off:0 Def:4),Rebound,Unknown,1,0,45
0022300616,59,PT07M08.00S,1,1610612762,UTA,1629012,Sexton,C. Sexton,200,149,25,Made,1,15,12,27,v,Sexton 25' 3PT Pullup Jump Shot (5 PTS) (Collins 1 AST),Made Shot,Pullup Jump shot,1,3,46
0022300616,60,PT06M48.00S,1,1610612740,NOP,1627742,Ingram,B. Ingram,126,85,15,Made,1,17,12,29,h,Ingram 15' Pullup Jump Shot (2 PTS) (Williamson 3 AST),Made Shot,Pullup Jump shot,1,2,47
0022300616,63,PT06M36.00S,1,1610612762,UTA,1627739,Dunn,K. Dunn,-18,33,4,Missed,1,,,0,v,MISS Dunn 4' Turnaround Hook Shot,Missed Shot,Turnaround Hook Shot,1,2,48
0022300616,64,PT06M34.00S,1,1610612740,NOP,202685,Valančiūnas,J. Valančiūnas,0,0,0,,0,,,0,h,Valanciunas REBOUND (Off:1 Def:3),Rebound,Unknown,1,0,49
0022300616,65,PT06M27.00S,1,1610612740,NOP,1627742,Ingram,B. Ingram,-28,19,3,Missed,1,,,0,h,MISS Ingram 3' Driving Layup,Missed Shot,Driving Layup Shot,1,2,50
