SEASON_ID,GAME_ID,GAME_DATE,TEAM_ID,TEAM_ABBREVIATION,MATCHUP,MIN,FGA,FG3A,FTA,REB,AST,PTS
22019,0021900002,2019-10-22,1610612746,LAC,LAC vs. LAL,240,81,31,24,45,24,112
22019,0021900001,2019-10-22,1610612761,TOR,TOR vs. NOP,265,103,40,38,57,23,130
22019,0021900002,2019-10-22,1610612747,LAL,LAL @ LAC,240,85,33,21,41,20,102
22019,0021900001,2019-10-22,1610612740,NOP,NOP @ TOR,265,102,45,20,53,30,122
22019,0021900007,2019-10-23,1610612763,MEM,MEM @ MIA,240,89,32,30,40,22,101
22019,0021900006,2019-10-23,1610612751,BKN,BKN vs. MIN,265,101,34,26,48,19,126
22019,0021900006,2019-10-23,1610612750,MIN,MIN @ BKN,265,108,43,28,52,23,127
22019,0021900010,2019-10-23,1610612759,SAS,SAS vs. NYK,240,83,21,36,51,22,120
22019,0021900005,2019-10-23,1610612739,CLE,CLE @ ORL,240,88,34,15,54,20,85
22019,0021900004,2019-10-23,1610612765,DET,DET @ IND,240,78,24,33,45,26,119
22019,0021900008,2019-10-23,1610612738,BOS,BOS @ PHI,240,90,26,34,41,18,93
22019,0021900012,2019-10-23,1610612758,SAC,SAC @ PHX,240,87,29,26,47,17,95
22019,0021900013,2019-10-23,1610612743,DEN,DEN @ POR,240,81,32,27,45,24,108
22019,0021900012,2019-10-23,1610612756,PHX,PHX vs. SAC,240,98,33,18,44,31,124
22019,0021900010,2019-10-23,1610612752,NYK,NYK @ SAS,240,94,30,18,39,24,111
22019,0021900008,2019-10-23,1610612755,PHI,PHI vs. BOS,240,85,29,36,62,24,107
22019,0021900005,2019-10-23,1610612753,ORL,ORL vs. CLE,240,86,30,19,46,24,94
22019,0021900003,2019-10-23,1610612766,CHA,CHA vs. CHI,240,88,44,16,41,28,126
22019,0021900009,2019-10-23,1610612764,WAS,WAS @ DAL,240,93,41,18,47,26,100
22019,0021900013,2019-10-23,1610612757,POR,POR vs. DEN,240,87,28,23,48,13,100
22019,0021900011,2019-10-23,1610612762,UTA,UTA vs. OKC,240,90,24,20,49,15,100
22019,0021900011,2019-10-23,1610612760,OKC,OKC @ UTA,240,83,27,31,48,15,95
22019,0021900007,2019-10-23,1610612748,MIA,MIA vs. MEM,240,85,18,39,51,18,120
22019,0021900009,2019-10-23,1610612742,DAL,DAL vs. WAS,240,76,36,33,46,17,108
22019,0021900004,2019-10-23,1610612754,IND,IND vs. DET,240,89,21,24,36,26,110
