SEASON_YEAR,GAME_ID,GAME_DATE,TEAM_ID,TEAM_ABBREVIATION,PLAYER_ID,PLAYER_NAME,MATCHUP,MIN,FGA,FG3A,FTA,REB,AST,PTS
2019-20,0021901317,2020-08-14T00:00:00,1610612746,LAC,1629611,Terance Mann,LAC vs. OKC,41.9,12,3,13,14,9,25
2019-20,0021901315,2020-08-14T00:00:00,1610612745,HOU,201935,James Harden,HOU vs. PHI,26.283333333333335,16,9,5,3,10,27
2019-20,0021901318,2020-08-14T00:00:00,1610612743,DEN,1628408,PJ Dozier,DEN @ TOR,30.8,9,6,3,5,8,20
2019-20,0021901317,2020-08-14T00:00:00,1610612746,LAC,1629599,Amir Coffey,LAC vs. OKC,49.638333333333335,17,8,8,2,4,21
2019-20,0021901318,2020-08-14T00:00:00,1610612761,TOR,1626169,Stanley Johnson,TOR vs. DEN,28.566666666666666,16,8,3,4,6,23
2019-20,0021901316,2020-08-14T00:00:00,1610612748,MIA,1629134,Kendrick Nunn,MIA @ IND,32.96666666666667,27,9,6,2,4,23
2019-20,0021901317,2020-08-14T00:00:00,1610612760,OKC,1628977,Hamidou Diallo,OKC @ LAC,39.78333333333333,22,8,5,11,1,27
2019-20,0021901316,2020-08-14T00:00:00,1610612754,IND,1628993,Alize Johnson,IND vs. MIA,38.31666666666667,8,5,4,17,4,11
2019-20,0021901315,2020-08-14T00:00:00,1610612755,PHI,202692,Alec Burks,PHI @ HOU,22.15,11,6,0,5,5,16
2019-20,0021901316,2020-08-14T00:00:00,1610612748,MIA,203524,Solomon Hill,MIA @ IND,40.56666666666667,13,4,12,7,3,21
2019-20,0021901315,2020-08-14T00:00:00,1610612755,PHI,202699,Tobias Harris,PHI @ HOU,23.966666666666665,10,3,4,7,4,18
2019-20,0021901318,2020-08-14T00:00:00,1610612761,TOR,1628778,Paul Watson,TOR vs. DEN,27.466666666666665,13,6,3,6,2,22
2019-20,0021901316,2020-08-14T00:00:00,1610612754,IND,1627763,Malcolm Brogdon,IND vs. MIA,24.516666666666666,14,7,0,6,6,16
2019-20,0021901318,2020-08-14T00:00:00,1610612743,DEN,1628420,Monte Morris,DEN @ TOR,29.85,14,7,6,6,4,16
2019-20,0021901318,2020-08-14T00:00:00,1610612761,TOR,1629056,Terence Davis,TOR vs. DEN,34.03333333333333,15,6,2,6,3,14
2019-20,0021901317,2020-08-14T00:00:00,1610612746,LAC,202335,Patrick Patterson,LAC vs. OKC,38.9,16,11,6,14,0,17
2019-20,0021901318,2020-08-14T00:00:00,1610612761,TOR,1626181,Norman Powell,TOR vs. DEN,22.8,9,5,0,6,2,15
2019-20,0021901315,2020-08-14T00:00:00,1610612745,HOU,201145,Jeff Green,HOU vs. PHI,25.133333333333333,10,2,1,0,4,17
2019-20,0021901316,2020-08-14T00:00:00,1610612754,IND,203926,Doug McDermott,IND vs. MIA,21.883333333333333,16,11,3,4,0,23
2019-20,0021901317,2020-08-14T00:00:00,1610612746,LAC,203585,Rodney McGruder,LAC vs. OKC,51.266666666666666,11,5,6,11,2,9
2019-20,0021901317,2020-08-14T00:00:00,1610612760,OKC,1628985,Devon Hall,OKC @ LAC,24.266666666666666,12,6,4,1,4,12
2019-20,0021901316,2020-08-14T00:00:00,1610612754,IND,204456,T.J. McConnell,IND vs. MIA,21.216666666666665,8,0,0,3,8,8
2019-20,0021901317,2020-08-14T00:00:00,1610612760,OKC,203471,Dennis Schröder,OKC @ LAC,25.483333333333334,12,3,2,1,4,17
2019-20,0021901318,2020-08-14T00:00:00,1610612743,DEN,203486,Mason Plumlee,DEN @ TOR,19.7,6,0,3,3,2,10
2019-20,0021901315,2020-08-14T00:00:00,1610612755,PHI,1629680,Matisse Thybulle,PHI @ HOU,17.683333333333334,4,2,0,2,1,7
