SEASON_YEAR,PLAYER_ID,PLAYER_NAME,NICKNAME,TEAM_ID,TEAM_ABBREVIATION,TEAM_NAME,GAME_ID,GAME_DATE,MATCHUP,WL,MIN,FGM,FGA,FG_PCT,FG3M,FG3A,FG3_PCT,FTM,FTA,FT_PCT,OREB,DREB,REB,AST,TOV,STL,BLK,BLKA,PF,PFD,PTS,PLUS_MINUS,NBA_FANTASY_PTS,DD2,TD3,WNBA_FANTASY_PTS,FP_HIGH_SCORE,GP_RANK,W_RANK,L_RANK,W_PCT_RANK,MIN_RANK,FGM_RANK,FGA_RANK,FG_PCT_RANK,FG3M_RANK,FG3A_RANK,FG3_PCT_RANK,FTM_RANK,FTA_RANK,FT_PCT_RANK,OREB_RANK,DREB_RANK,REB_RANK,AST_RANK,TOV_RANK,STL_RANK,BLK_RANK,BLKA_RANK,PF_RANK,PFD_RANK,PTS_RANK,PLUS_MINUS_RANK,NBA_FANTASY_PTS_RANK,DD2_RANK,TD3_RANK,WNBA_FANTASY_PTS_RANK,FP_HIGH_SCORE_RANK,AVAILABLE_FLAG,MIN_SEC,TEAM_COUNT
2019-20,203078,Bradley Beal,Bradley,1610612764,WAS,Washington Wizards,0021900171,2019-11-15T00:00:00,WAS @ MIN,W,36.97666666666667,15,22,0.682,1,5,0.2,13,14,0.929,0,3,3,10,5,2,1,0,3,9,44,31,66.6,1,0,64.0,76.0,1,1,1,1,18,1,5,24,47,38,79,1,1,42,83,63,88,3,4,10,10,1,113,1,1,1,2,1,1,2,1,1,36:59,1
2019-20,201935,James Harden,James,1610612745,HOU,Houston Rockets,0021900169,2019-11-15T00:00:00,HOU vs. IND,W,40.45,13,26,0.5,6,14,0.429,12,14,0.857,0,8,8,5,3,4,0,0,4,8,44,18,70.1,0,0,71.0,74.0,1,1,1,1,2,2,1,49,2,1,44,2,1,44,83,11,16,15,14,1,46,1,139,2,1,5,1,16,1,1,2,1,40:27,1
2019-20,2544,LeBron James,LeBron,1610612747,LAL,Los Angeles Lakers,0021900174,2019-11-15T00:00:00,LAL vs. SAC,W,38.666666666666664,10,20,0.5,2,7,0.286,7,7,1.0,3,1,4,11,2,3,0,0,1,5,29,13,57.3,1,0,52.0,64.0,1,1,1,1,7,7,9,49,28,14,65,7,11,1,11,113,66,1,28,2,46,1,25,19,7,14,3,1,1,5,3,1,38:40,1
2019-20,203497,Rudy Gobert,Rudy,1610612762,UTA,Utah Jazz,0021900170,2019-11-15T00:00:00,UTA @ MEM,L,36.483333333333334,9,11,0.818,0,0,0.0,5,7,0.714,7,10,17,1,3,0,5,1,1,8,23,10,56.9,1,0,51.0,57.0,1,83,83,83,22,9,47,15,90,129,90,15,11,61,1,4,2,82,14,80,1,121,25,2,16,20,4,1,1,6,4,1,36:29,1
2019-20,1628378,Donovan Mitchell,Donovan,1610612762,UTA,Utah Jazz,0021900170,2019-11-15T00:00:00,UTA @ MEM,L,36.016666666666666,9,21,0.429,1,8,0.125,10,10,1.0,0,9,9,5,2,2,1,0,3,4,29,-6,54.3,0,0,50.0,57.0,1,83,83,83,25,9,7,83,47,9,88,6,6,1,83,9,14,15,28,10,10,1,113,29,7,108,6,16,1,8,4,1,36:01,1
2019-20,1629021,Moritz Wagner,Moritz,1610612764,WAS,Washington Wizards,0021900171,2019-11-15T00:00:00,WAS @ MIN,W,25.416666666666668,13,15,0.867,4,4,1.0,0,2,0.0,2,13,15,2,2,1,1,1,5,5,30,18,55.0,1,0,55.0,55.0,1,1,1,1,76,2,21,10,7,50,1,89,50,89,24,2,3,59,28,31,10,121,153,19,6,5,5,1,1,3,6,1,25:25,1
2019-20,1626157,Karl-Anthony Towns,Karl-Anthony,1610612750,MIN,Minnesota Timberwolves,0021900171,2019-11-15T00:00:00,MIN vs. WAS,L,33.42666666666667,13,18,0.722,4,6,0.667,6,8,0.75,2,8,10,3,7,0,1,0,1,5,36,-3,48.5,1,0,55.0,55.0,1,83,83,83,38,2,14,19,7,22,16,10,8,57,24,11,12,40,2,80,10,1,25,19,3,92,8,1,1,3,6,1,33:26,1
2019-20,203954,Joel Embiid,Joel,1610612755,PHI,Philadelphia 76ers,0021900172,2019-11-15T00:00:00,PHI @ OKC,L,37.63333333333333,12,24,0.5,4,8,0.5,3,6,0.5,2,10,12,2,1,1,0,0,4,6,31,-10,50.4,1,0,51.0,50.0,1,83,83,83,14,5,2,49,7,9,25,32,15,71,24,4,7,59,62,31,46,1,139,6,5,137,7,1,1,6,8,1,37:38,1
2019-20,1627732,Ben Simmons,Ben,1610612755,PHI,Philadelphia 76ers,0021900172,2019-11-15T00:00:00,PHI @ OKC,L,45.55,6,8,0.75,0,0,0.0,4,6,0.667,7,4,11,8,5,1,0,0,6,6,16,-1,39.2,1,0,37.0,46.0,1,83,83,83,1,30,73,17,90,129,90,26,15,62,1,47,10,5,4,31,46,1,160,6,39,84,13,1,1,19,9,1,45:33,1
2019-20,1627759,Jaylen Brown,Jaylen,1610612738,BOS,Boston Celtics,0021900173,2019-11-15T00:00:00,BOS @ GSW,W,34.78333333333333,9,17,0.529,3,3,1.0,1,2,0.5,1,7,8,3,2,3,0,1,4,2,22,-4,43.1,0,0,42.0,45.0,1,1,1,1,35,9,16,48,13,67,1,65,50,71,37,17,16,40,28,2,46,121,139,55,17,96,10,16,1,9,10,1,34:47,1
2019-20,101108,Chris Paul,Chris,1610612760,OKC,Oklahoma City Thunder,0021900172,2019-11-15T00:00:00,OKC vs. PHI,W,38.47666666666667,7,13,0.538,1,3,0.333,12,12,1.0,1,7,8,5,0,0,0,0,3,8,27,16,44.1,0,0,41.0,45.0,1,1,1,1,9,22,31,45,47,67,54,2,3,1,37,17,16,15,109,80,46,1,113,2,11,9,9,16,1,11,10,1,38:29,1
2019-20,1629630,Ja Morant,Ja,1610612763,MEM,Memphis Grizzlies,0021900170,2019-11-15T00:00:00,MEM vs. UTA,W,30.403333333333332,9,22,0.409,2,6,0.333,5,6,0.833,1,3,4,8,2,0,0,1,0,6,25,9,39.8,0,0,39.0,45.0,1,1,1,1,51,9,5,91,28,22,54,15,15,46,37,63,66,5,28,80,46,121,1,6,13,26,12,16,1,16,10,1,30:24,1
2019-20,1628369,Jayson Tatum,Jayson,1610612738,BOS,Boston Celtics,0021900173,2019-11-15T00:00:00,BOS @ GSW,W,37.9,8,23,0.348,2,7,0.286,6,7,0.857,3,5,8,1,2,3,0,0,3,6,24,6,42.1,0,0,41.0,43.0,1,1,1,1,12,16,3,108,28,14,65,10,11,44,11,31,16,82,28,2,46,1,113,6,14,49,11,16,1,11,13,1,37:54,1
2019-20,1628984,Devonte' Graham,Devonte',1610612766,CHA,Charlotte Hornets,0021900167,2019-11-15T00:00:00,CHA vs. DET,W,38.45,8,23,0.348,2,12,0.167,0,0,0.0,3,2,5,10,1,0,0,1,2,0,18,8,38.0,1,0,35.0,43.0,1,1,1,1,10,16,3,108,28,3,83,89,92,89,11,87,49,3,62,80,46,121,65,117,32,34,18,1,1,21,13,1,38:27,1
2019-20,202689,Kemba Walker,Kemba,1610612738,BOS,Boston Celtics,0021900173,2019-11-15T00:00:00,BOS @ GSW,W,34.86666666666667,6,19,0.316,3,12,0.25,5,5,1.0,0,5,5,5,1,1,1,0,2,3,20,2,38.5,0,0,37.0,41.0,1,1,1,1,32,30,10,120,13,3,69,15,31,1,83,31,49,15,62,31,10,1,65,38,22,69,16,16,1,19,15,1,34:52,1
2019-20,203076,Anthony Davis,Anthony,1610612747,LAL,Los Angeles Lakers,0021900174,2019-11-15T00:00:00,LAL vs. SAC,W,35.483333333333334,5,12,0.417,0,3,0.0,7,9,0.778,0,5,5,2,4,1,4,0,2,6,17,-5,37.0,0,0,34.0,41.0,1,1,1,1,28,45,40,88,90,67,90,7,7,56,83,31,49,59,7,31,3,1,65,6,36,103,21,16,1,22,15,1,35:29,1
2019-20,203083,Andre Drummond,Andre,1610612765,DET,Detroit Pistons,0021900167,2019-11-15T00:00:00,DET @ CHA,L,38.15,8,16,0.5,0,0,0.0,0,0,0.0,3,17,20,2,4,0,0,3,3,2,16,2,39.0,1,0,38.0,40.0,1,83,83,83,11,16,17,49,90,129,90,89,92,89,11,1,1,59,7,80,46,163,113,55,39,69,14,1,1,17,17,1,38:09,1
2019-20,202696,Nikola Vučević,Nikola,1610612753,ORL,Orlando Magic,0021900168,2019-11-15T00:00:00,ORL vs. SAS,W,36.763333333333335,4,16,0.25,1,1,1.0,1,2,0.5,4,9,13,4,2,0,3,3,2,3,10,18,38.6,1,0,34.0,40.0,1,1,1,1,20,60,17,132,47,107,1,65,50,71,7,9,4,28,28,80,4,163,65,38,70,5,15,1,1,22,17,1,36:46,1
2019-20,201566,Russell Westbrook,Russell,1610612745,HOU,Houston Rockets,0021900169,2019-11-15T00:00:00,HOU vs. IND,W,35.2,5,21,0.238,1,6,0.167,6,6,1.0,3,5,8,6,1,1,0,1,4,5,17,9,37.6,0,0,34.0,40.0,1,1,1,1,29,45,7,137,47,22,83,10,15,1,11,31,16,11,62,31,46,121,139,19,36,26,19,16,1,22,17,1,35:12,1
2019-20,201933,Blake Griffin,Blake,1610612765,DET,Detroit Pistons,0021900167,2019-11-15T00:00:00,DET @ CHA,L,29.633333333333333,6,19,0.316,1,8,0.125,6,6,1.0,1,2,3,6,4,1,1,0,1,8,19,3,33.6,0,0,33.0,40.0,1,83,83,83,55,30,10,120,47,9,88,10,15,1,37,87,88,11,7,31,10,1,25,2,28,62,29,16,1,28,17,1,29:38,1
2019-20,201568,Danilo Gallinari,Danilo,1610612760,OKC,Oklahoma City Thunder,0021900172,2019-11-15T00:00:00,OKC vs. PHI,W,36.233333333333334,7,11,0.636,3,5,0.6,11,11,1.0,0,7,7,2,3,0,0,0,2,6,28,13,36.4,0,0,40.0,39.0,1,1,1,1,24,22,47,37,13,38,20,4,5,1,83,17,30,59,14,80,46,1,65,6,9,14,22,16,1,13,21,1,36:14,1
2019-20,203095,Evan Fournier,Evan,1610612753,ORL,Orlando Magic,0021900168,2019-11-15T00:00:00,ORL vs. SAS,W,32.3,9,15,0.6,5,6,0.833,3,4,0.75,1,3,4,3,2,1,0,0,1,3,26,14,36.3,0,0,40.0,39.0,1,1,1,1,42,9,21,39,4,22,12,32,37,57,37,63,66,40,28,31,46,1,25,38,12,11,23,16,1,13,21,1,32:18,1
2019-20,203110,Draymond Green,Draymond,1610612744,GSW,Golden State Warriors,0021900173,2019-11-15T00:00:00,GSW vs. BOS,L,34.03333333333333,3,6,0.5,1,4,0.25,4,5,0.8,1,10,11,4,2,2,1,0,3,5,11,4,37.2,1,0,33.0,39.0,1,83,83,83,36,83,97,49,47,50,69,26,31,54,37,4,10,28,28,10,10,1,113,19,64,58,20,1,1,28,21,1,34:02,1
2019-20,201952,Jeff Teague,Jeff,1610612750,MIN,Minnesota Timberwolves,0021900171,2019-11-15T00:00:00,MIN vs. WAS,L,28.5,4,13,0.308,0,3,0.0,5,6,0.833,1,0,1,11,4,0,1,1,0,4,13,-7,29.7,1,0,27.0,39.0,1,83,83,83,61,60,31,122,90,67,90,15,15,46,37,143,122,1,7,80,10,121,1,29,49,119,39,1,1,42,21,1,28:30,1
2019-20,1627741,Buddy Hield,Buddy,1610612758,SAC,Sacramento Kings,0021900174,2019-11-15T00:00:00,SAC @ LAL,L,37.833333333333336,6,15,0.4,6,14,0.429,3,3,1.0,3,5,8,3,5,1,0,1,4,2,21,2,33.1,0,0,40.0,38.0,1,83,83,83,13,30,21,92,2,1,44,32,42,1,11,31,16,40,4,31,46,121,139,55,18,69,31,16,1,13,25,1,37:50,1
2019-20,1626196,Josh Richardson,Josh,1610612755,PHI,Philadelphia 76ers,0021900172,2019-11-15T00:00:00,PHI @ OKC,L,33.825,10,15,0.667,3,6,0.5,5,6,0.833,1,2,3,2,4,1,0,1,5,5,28,-12,33.6,0,0,38.0,38.0,1,83,83,83,37,7,21,25,13,22,25,15,15,46,37,87,88,59,7,31,46,121,153,19,9,146,29,16,1,17,25,1,33:50,1
2019-20,1628983,Shai Gilgeous-Alexander,Shai,1610612760,OKC,Oklahoma City Thunder,0021900172,2019-11-15T00:00:00,OKC vs. PHI,W,40.416666666666664,9,19,0.474,1,3,0.333,5,6,0.833,0,2,2,3,2,2,0,0,2,5,24,1,34.9,0,0,34.0,38.0,1,1,1,1,3,9,10,76,47,67,54,15,15,46,83,87,104,40,28,10,46,1,65,19,14,77,27,16,1,22,25,1,40:25,1
2019-20,200746,LaMarcus Aldridge,LaMarcus,1610612759,SAS,San Antonio Spurs,0021900168,2019-11-15T00:00:00,SAS @ ORL,L,31.013333333333332,5,13,0.385,2,3,0.667,1,1,1.0,0,6,6,2,0,0,5,1,4,2,13,-9,38.2,0,0,33.0,38.0,1,83,83,83,46,45,31,102,28,67,16,65,80,1,83,23,42,59,109,80,1,121,139,55,49,131,17,16,1,28,25,1,31:01,1
2019-20,1627734,Domantas Sabonis,Domantas,1610612754,IND,Indiana Pacers,0021900169,2019-11-15T00:00:00,IND @ HOU,L,35.97833333333333,6,12,0.5,0,0,0.0,6,8,0.75,3,10,13,3,4,0,0,2,4,6,18,-18,34.1,1,0,34.0,37.0,1,83,83,83,26,30,40,49,90,129,90,10,8,57,11,4,4,40,7,80,46,151,139,6,32,162,28,1,1,22,29,1,35:59,1
2019-20,1626179,Terry Rozier,Terry,1610612766,CHA,Charlotte Hornets,0021900167,2019-11-15T00:00:00,CHA vs. DET,W,32.666666666666664,8,18,0.444,2,6,0.333,1,1,1.0,1,4,5,2,1,3,0,0,1,2,19,-15,36.0,0,0,34.0,37.0,1,1,1,1,40,16,14,80,28,22,54,65,80,1,37,47,49,59,62,2,46,1,25,55,28,158,24,16,1,22,29,1,32:40,1
2019-20,203992,Bogdan Bogdanović,Bogdan,1610612758,SAC,Sacramento Kings,0021900174,2019-11-15T00:00:00,SAC @ LAL,L,36.88333333333333,7,13,0.538,3,5,0.6,1,1,1.0,1,2,3,5,3,2,0,1,2,5,18,7,32.1,0,0,33.0,37.0,1,83,83,83,19,22,31,45,13,38,20,65,80,1,37,87,88,15,14,10,46,121,65,19,32,42,32,16,1,28,29,1,36:53,1
2019-20,204038,Langston Galloway,Langston,1610612765,DET,Detroit Pistons,0021900167,2019-11-15T00:00:00,DET @ CHA,L,37.56666666666667,11,16,0.688,7,11,0.636,3,3,1.0,1,1,2,1,0,0,0,0,1,3,32,-14,35.9,0,0,42.0,36.0,1,83,83,83,15,6,17,23,1,5,19,32,42,1,37,113,104,82,109,80,46,1,25,38,4,154,25,16,1,9,32,1,37:34,1
2019-20,201942,DeMar DeRozan,DeMar,1610612759,SAS,San Antonio Spurs,0021900168,2019-11-15T00:00:00,SAS @ ORL,L,36.528333333333336,9,15,0.6,0,0,0.0,3,3,1.0,0,2,2,5,2,1,0,2,6,6,21,-15,31.9,0,0,30.0,36.0,1,83,83,83,21,9,21,39,90,129,90,32,42,1,83,87,104,15,28,31,46,151,160,6,18,158,33,16,1,37,32,1,36:32,1
2019-20,203935,Marcus Smart,Marcus,1610612738,BOS,Boston Celtics,0021900173,2019-11-15T00:00:00,BOS @ GSW,W,34.916666666666664,5,12,0.417,5,9,0.556,0,0,0.0,2,1,3,4,2,2,1,0,2,2,15,11,31.6,0,0,33.0,35.0,1,1,1,1,31,45,40,88,4,8,24,89,92,89,24,113,88,28,28,10,10,1,65,55,44,17,35,16,1,28,34,1,34:55,1
2019-20,202329,Al-Farouq Aminu,Al-Farouq,1610612753,ORL,Orlando Magic,0021900168,2019-11-15T00:00:00,ORL vs. SAS,W,30.536666666666665,4,8,0.5,1,2,0.5,4,6,0.667,5,8,13,1,1,2,0,0,0,4,13,8,35.1,1,0,32.0,34.0,1,1,1,1,49,60,73,49,47,82,25,26,15,62,4,11,4,82,62,10,46,1,1,29,49,34,26,1,1,35,35,1,30:32,1
2019-20,1626156,D'Angelo Russell,D'Angelo,1610612744,GSW,Golden State Warriors,0021900173,2019-11-15T00:00:00,GSW vs. BOS,L,25.1,5,10,0.5,1,6,0.167,1,2,0.5,0,2,2,7,9,1,1,0,3,1,12,3,21.9,0,0,26.0,34.0,1,83,83,83,80,45,52,49,47,22,83,65,50,71,83,87,104,7,1,31,10,1,113,78,56,62,76,16,1,44,35,1,25:06,1
2019-20,202699,Tobias Harris,Tobias,1610612755,PHI,Philadelphia 76ers,0021900172,2019-11-15T00:00:00,PHI @ OKC,L,38.85,8,16,0.5,3,4,0.75,2,2,1.0,0,6,6,3,3,0,0,1,6,1,21,0,29.7,0,0,33.0,33.0,1,83,83,83,6,16,17,49,13,50,13,44,50,1,83,23,42,40,14,80,46,121,160,78,18,81,39,16,1,28,37,1,38:51,1
2019-20,203932,Aaron Gordon,Aaron,1610612753,ORL,Orlando Magic,0021900168,2019-11-15T00:00:00,ORL vs. SAS,W,35.88333333333333,4,15,0.267,1,6,0.167,5,8,0.625,3,5,8,4,2,0,1,1,3,6,14,5,30.6,0,0,29.0,33.0,1,1,1,1,27,60,21,130,47,22,83,15,8,67,11,31,16,28,28,80,10,121,113,6,46,54,37,16,1,38,37,1,35:53,1
2019-20,1628415,Dillon Brooks,Dillon,1610612763,MEM,Memphis Grizzlies,0021900170,2019-11-15T00:00:00,MEM vs. UTA,W,30.65,7,15,0.467,3,6,0.5,3,4,0.75,0,2,2,2,2,1,1,3,5,5,20,15,29.4,0,0,31.0,32.0,1,1,1,1,48,22,21,77,13,22,25,32,37,57,83,87,104,59,28,31,10,163,153,19,22,10,41,16,1,36,39,1,30:39,1
2019-20,201143,Al Horford,Al,1610612755,PHI,Philadelphia 76ers,0021900172,2019-11-15T00:00:00,PHI @ OKC,L,36.333333333333336,5,12,0.417,1,4,0.25,1,2,0.5,2,2,4,5,0,2,0,0,3,1,12,-4,30.3,0,0,26.0,32.0,1,83,83,83,23,45,40,88,47,50,69,65,50,71,24,87,66,15,109,10,46,1,113,78,56,96,38,16,1,44,39,1,36:20,1
2019-20,203084,Harrison Barnes,Harrison,1610612758,SAC,Sacramento Kings,0021900174,2019-11-15T00:00:00,SAC @ LAL,L,37.41,3,10,0.3,1,5,0.2,2,2,1.0,0,8,8,6,3,1,0,2,2,3,9,3,27.6,0,0,26.0,32.0,1,83,83,83,17,83,52,126,47,38,79,44,50,1,83,11,16,11,14,31,46,151,65,38,82,62,45,16,1,44,39,1,37:25,1
2019-20,1628998,Cody Martin,Cody,1610612766,CHA,Charlotte Hornets,0021900167,2019-11-15T00:00:00,CHA vs. DET,W,26.298333333333332,2,6,0.333,0,2,0.0,3,6,0.5,3,3,6,5,0,3,0,0,1,6,7,14,30.7,0,0,24.0,32.0,1,1,1,1,72,99,97,110,90,82,90,32,15,71,11,63,42,15,109,2,46,1,25,6,96,11,36,16,1,56,39,1,26:18,1
2019-20,203496,Robert Covington,Robert,1610612750,MIN,Minnesota Timberwolves,0021900171,2019-11-15T00:00:00,MIN vs. WAS,L,26.766666666666666,6,9,0.667,4,6,0.667,4,5,0.8,0,6,6,1,0,1,0,1,3,6,20,-10,31.7,0,0,33.0,31.0,1,83,83,83,69,30,62,25,7,22,16,26,31,54,83,23,42,82,109,31,46,121,113,6,22,137,34,16,1,28,43,1,26:46,1
2019-20,203500,Steven Adams,Steven,1610612760,OKC,Oklahoma City Thunder,0021900172,2019-11-15T00:00:00,OKC vs. PHI,W,31.135,3,6,0.5,0,0,0.0,1,2,0.5,4,3,7,4,1,1,2,0,2,1,7,8,29.4,0,0,24.0,31.0,1,1,1,1,45,83,97,49,90,129,90,65,50,71,7,63,30,28,62,31,5,1,65,78,96,34,41,16,1,56,43,1,31:08,1
2019-20,1627749,Dejounte Murray,Dejounte,1610612759,SAS,San Antonio Spurs,0021900168,2019-11-15T00:00:00,SAS @ ORL,L,20.77166666666667,5,6,0.833,0,1,0.0,0,0,0.0,1,4,5,6,2,1,0,0,4,0,10,-7,26.0,0,0,23.0,30.0,1,83,83,83,102,45,97,12,90,107,90,89,92,89,37,47,49,11,28,31,46,1,139,117,70,119,55,16,1,64,45,1,20:46,1
2019-20,203109,Jae Crowder,Jae,1610612763,MEM,Memphis Grizzlies,0021900170,2019-11-15T00:00:00,MEM vs. UTA,W,30.966666666666665,4,8,0.5,3,6,0.5,0,0,0.0,0,10,10,4,1,0,0,0,2,1,11,-6,28.0,1,0,28.0,29.0,1,1,1,1,47,60,73,49,13,22,25,89,92,89,83,4,12,28,62,80,46,1,65,78,64,108,44,1,1,40,46,1,30:58,1
2019-20,1629633,Jarrett Culver,Jarrett,1610612750,MIN,Minnesota Timberwolves,0021900171,2019-11-15T00:00:00,MIN vs. WAS,L,30.15,4,10,0.4,2,5,0.4,1,4,0.25,1,2,3,3,2,3,0,1,3,3,11,-18,26.1,0,0,25.0,29.0,1,83,83,83,52,60,52,92,28,38,48,65,37,88,37,87,88,40,28,2,46,121,113,38,64,162,54,16,1,52,46,1,30:09,1
2019-20,1628988,Aaron Holiday,Aaron,1610612754,IND,Indiana Pacers,0021900169,2019-11-15T00:00:00,IND @ HOU,L,27.966666666666665,4,11,0.364,2,7,0.286,2,2,1.0,1,3,4,5,3,1,0,0,5,1,12,-4,24.3,0,0,25.0,29.0,1,83,83,83,64,60,47,106,28,14,65,44,50,1,37,63,66,15,14,31,46,1,153,78,56,96,63,16,1,52,46,1,27:58,1
2019-20,1628365,Markelle Fultz,Markelle,1610612753,ORL,Orlando Magic,0021900168,2019-11-15T00:00:00,ORL vs. SAS,W,24.645,3,8,0.375,0,1,0.0,7,7,1.0,0,2,2,4,0,2,0,0,0,4,13,11,27.4,0,0,23.0,29.0,1,1,1,1,84,83,73,103,90,107,90,7,11,1,83,87,104,28,109,10,46,1,1,29,49,17,47,16,1,64,46,1,24:39,1
2019-20,202692,Alec Burks,Alec,1610612744,GSW,Golden State Warriors,0021900173,2019-11-15T00:00:00,GSW vs. BOS,L,30.5,4,11,0.364,1,3,0.333,11,12,0.917,0,3,3,1,0,1,0,1,3,6,20,3,28.1,0,0,27.0,28.0,1,83,83,83,50,60,47,106,47,67,54,4,3,43,83,63,88,82,109,31,46,121,113,6,22,62,43,16,1,42,50,1,30:30,1
2019-20,201144,Mike Conley,Mike,1610612762,UTA,Utah Jazz,0021900170,2019-11-15T00:00:00,UTA @ MEM,L,35.016666666666666,5,19,0.263,2,8,0.25,3,5,0.6,1,3,4,3,1,1,0,1,1,6,15,7,26.3,0,0,26.0,28.0,1,83,83,83,30,45,10,131,28,9,69,32,31,68,37,63,66,40,62,31,46,121,25,6,44,42,52,16,1,44,50,1,35:01,1
2019-20,1626161,Willie Cauley-Stein,Willie,1610612744,GSW,Golden State Warriors,0021900173,2019-11-15T00:00:00,GSW vs. BOS,L,25.066666666666666,5,6,0.833,0,0,0.0,0,0,0.0,1,7,8,2,1,1,1,0,0,0,10,6,27.6,0,0,24.0,28.0,1,83,83,83,81,45,97,12,90,129,90,89,92,89,37,17,16,59,62,31,10,1,1,117,70,49,45,16,1,56,50,1,25:04,1
2019-20,1628972,Troy Brown Jr.,Troy,1610612764,WAS,Washington Wizards,0021900171,2019-11-15T00:00:00,WAS @ MIN,W,26.45,5,8,0.625,0,2,0.0,1,2,0.5,1,6,7,2,1,2,0,0,0,2,11,9,27.4,0,0,24.0,28.0,1,1,1,1,70,45,73,38,90,82,90,65,50,71,37,23,30,59,62,10,46,1,1,55,64,26,47,16,1,56,50,1,26:27,1
2019-20,1628390,Terrance Ferguson,Terrance,1610612760,OKC,Oklahoma City Thunder,0021900172,2019-11-15T00:00:00,OKC vs. PHI,W,38.65,7,9,0.778,5,7,0.714,0,0,0.0,0,1,1,2,0,1,0,0,3,3,19,9,26.2,0,0,29.0,27.0,1,1,1,1,8,22,62,16,4,14,15,89,92,89,83,113,122,59,109,31,46,1,113,38,28,26,53,16,1,38,54,1,38:39,1
2019-20,203937,Kyle Anderson,Kyle,1610612763,MEM,Memphis Grizzlies,0021900170,2019-11-15T00:00:00,MEM vs. UTA,W,22.983333333333334,6,9,0.667,1,2,0.5,0,0,0.0,2,5,7,2,1,0,1,0,2,0,13,2,26.4,0,0,25.0,27.0,1,1,1,1,90,30,62,25,47,82,25,89,92,89,24,31,30,59,62,80,10,1,65,117,49,69,51,16,1,52,54,1,22:59,1
2019-20,1627751,Jakob Poeltl,Jakob,1610612759,SAS,San Antonio Spurs,0021900168,2019-11-15T00:00:00,SAS @ ORL,L,16.93166666666667,4,4,1.0,0,0,0.0,1,2,0.5,1,4,5,2,1,2,1,0,0,3,9,10,26.0,0,0,22.0,27.0,1,83,83,83,120,60,116,1,90,129,90,65,50,71,37,47,49,59,62,10,10,1,1,38,82,20,55,16,1,69,54,1,16:56,1
2019-20,203895,Jordan McRae,Jordan,1610612764,WAS,Washington Wizards,0021900171,2019-11-15T00:00:00,WAS @ MIN,W,18.8,1,8,0.125,1,3,0.333,0,0,0.0,0,4,4,7,1,0,2,0,2,0,3,9,23.3,0,0,19.0,27.0,1,1,1,1,109,122,73,141,47,67,54,89,92,89,83,47,66,7,62,80,5,1,65,117,126,26,70,16,1,88,54,1,18:48,1
2019-20,1629672,Eric Paschall,Eric,1610612744,GSW,Golden State Warriors,0021900173,2019-11-15T00:00:00,GSW vs. BOS,L,33.416666666666664,6,14,0.429,1,4,0.25,3,5,0.6,0,8,8,1,2,0,0,2,3,4,16,-19,25.1,0,0,26.0,26.0,1,83,83,83,39,30,30,83,47,50,69,32,31,68,83,11,16,82,28,80,46,151,113,29,39,165,57,16,1,44,58,1,33:25,1
2019-20,200782,P.J. Tucker,P.J.,1610612745,HOU,Houston Rockets,0021900169,2019-11-15T00:00:00,HOU vs. IND,W,39.733333333333334,2,6,0.333,1,4,0.25,0,1,0.0,1,11,12,0,1,2,1,0,4,2,5,10,27.4,0,0,24.0,26.0,1,1,1,1,4,99,97,110,47,50,69,89,80,89,37,3,7,123,62,10,10,1,139,55,109,20,47,16,1,56,58,1,39:44,1
2019-20,204456,T.J. McConnell,T.J.,1610612754,IND,Indiana Pacers,0021900169,2019-11-15T00:00:00,IND @ HOU,L,22.2,5,7,0.714,0,0,0.0,2,3,0.667,0,0,0,7,3,0,0,0,2,2,12,-12,19.5,0,0,19.0,26.0,1,83,83,83,95,45,86,20,90,129,90,44,42,62,83,143,148,7,14,80,46,1,65,55,56,146,89,16,1,88,58,1,22:12,1
2019-20,1628971,Bruce Brown,Bruce,1610612765,DET,Detroit Pistons,0021900167,2019-11-15T00:00:00,DET @ CHA,L,22.485,2,4,0.5,1,2,0.5,0,0,0.0,0,1,1,7,1,1,1,0,3,2,5,-6,21.7,0,0,18.0,26.0,1,83,83,83,93,99,116,49,47,82,25,89,92,89,83,113,122,7,62,31,10,1,113,55,109,108,78,16,1,92,58,1,22:29,1
2019-20,1628370,Malik Monk,Malik,1610612766,CHA,Charlotte Hornets,0021900167,2019-11-15T00:00:00,CHA vs. DET,W,21.951666666666668,8,12,0.667,2,4,0.5,1,2,0.5,0,4,4,1,2,0,0,0,2,2,19,23,23.3,0,0,26.0,25.0,1,1,1,1,96,16,40,25,28,50,25,65,50,71,83,47,66,82,28,80,46,1,65,55,28,3,70,16,1,44,62,1,21:57,1
2019-20,1626158,Richaun Holmes,Richaun,1610612758,SAC,Sacramento Kings,0021900174,2019-11-15T00:00:00,SAC @ LAL,L,29.423333333333332,7,10,0.7,0,0,0.0,3,3,1.0,2,6,8,0,0,0,0,1,5,4,17,-5,26.6,0,0,25.0,25.0,1,83,83,83,56,22,52,22,90,129,90,32,42,1,24,23,16,123,109,80,46,121,153,29,36,103,50,16,1,52,62,1,29:25,1
2019-20,1628418,Thomas Bryant,Thomas,1610612764,WAS,Washington Wizards,0021900171,2019-11-15T00:00:00,WAS @ MIN,W,22.583333333333332,5,9,0.556,0,2,0.0,2,2,1.0,5,4,9,2,1,0,0,0,4,2,12,3,24.8,0,0,23.0,25.0,1,1,1,1,92,45,62,44,90,82,90,44,50,1,4,47,14,59,62,80,46,1,139,55,56,62,60,16,1,64,62,1,22:35,1
2019-20,201988,Patty Mills,Patty,1610612759,SAS,San Antonio Spurs,0021900168,2019-11-15T00:00:00,SAS @ ORL,L,19.391666666666666,6,9,0.667,1,3,0.333,0,1,0.0,0,1,1,1,0,3,0,0,1,1,13,13,24.7,0,0,22.0,25.0,1,83,83,83,106,30,62,25,47,67,54,89,80,89,83,113,122,82,109,2,46,1,25,78,49,14,61,16,1,69,62,1,19:24,1
2019-20,1629006,Josh Okogie,Josh,1610612750,MIN,Minnesota Timberwolves,0021900171,2019-11-15T00:00:00,MIN vs. WAS,L,27.2,5,10,0.5,0,2,0.0,2,2,1.0,1,5,6,2,1,1,0,2,2,1,12,-13,24.2,0,0,22.0,25.0,1,83,83,83,68,45,52,49,90,82,90,44,50,1,37,31,42,59,62,31,46,151,65,78,56,152,64,16,1,69,62,1,27:12,1
2019-20,202685,Jonas Valanciunas,Jonas,1610612763,MEM,Memphis Grizzlies,0021900170,2019-11-15T00:00:00,MEM vs. UTA,W,29.85333333333333,4,6,0.667,0,1,0.0,2,2,1.0,1,7,8,2,2,0,1,0,3,2,10,10,23.6,0,0,22.0,25.0,1,1,1,1,54,60,97,25,90,107,90,44,50,1,37,17,16,59,28,80,10,1,113,55,70,20,65,16,1,69,62,1,29:51,1
2019-20,1627936,Alex Caruso,Alex,1610612747,LAL,Los Angeles Lakers,0021900174,2019-11-15T00:00:00,LAL vs. SAC,W,28.55666666666667,4,10,0.4,2,7,0.286,0,0,0.0,0,0,0,3,0,3,0,0,3,2,10,5,23.5,0,0,21.0,25.0,1,1,1,1,60,60,52,92,28,14,65,89,92,89,83,143,148,40,109,2,46,1,113,55,70,54,67,16,1,76,62,1,28:33,1
2019-20,203463,Ben McLemore,Ben,1610612745,HOU,Houston Rockets,0021900169,2019-11-15T00:00:00,HOU vs. IND,W,32.586666666666666,6,13,0.462,4,11,0.364,5,6,0.833,1,2,3,0,1,0,0,0,2,5,21,5,23.6,0,0,28.0,24.0,1,1,1,1,41,30,31,79,7,5,53,15,15,46,37,87,88,123,62,80,46,1,65,19,18,54,65,16,1,40,69,1,32:35,1
2019-20,203082,Terrence Ross,Terrence,1610612753,ORL,Orlando Magic,0021900168,2019-11-15T00:00:00,ORL vs. SAS,W,27.83,7,13,0.538,3,8,0.375,3,3,1.0,0,2,2,1,1,0,0,2,2,1,20,-12,22.9,0,0,26.0,24.0,1,1,1,1,65,22,31,45,13,9,52,32,42,1,83,87,104,82,62,80,46,151,65,78,22,146,72,16,1,44,69,1,27:50,1
2019-20,1629023,P.J. Washington,P.J.,1610612766,CHA,Charlotte Hornets,0021900167,2019-11-15T00:00:00,CHA vs. DET,W,18.85,4,7,0.571,3,3,1.0,0,0,0.0,0,5,5,1,1,1,1,0,1,2,11,-2,23.5,0,0,24.0,24.0,1,1,1,1,108,60,86,42,13,67,1,89,92,89,83,31,49,82,62,31,10,1,25,55,64,90,67,16,1,56,69,1,18:51,1
2019-20,201565,Derrick Rose,Derrick,1610612765,DET,Detroit Pistons,0021900167,2019-11-15T00:00:00,DET @ CHA,L,26.033333333333335,6,7,0.857,2,2,1.0,2,2,1.0,0,2,2,3,6,0,0,0,2,1,16,-3,16.9,0,0,23.0,24.0,1,83,83,83,74,30,86,11,28,82,1,44,50,1,83,87,104,40,3,80,46,1,65,78,39,92,102,16,1,64,69,1,26:02,1
2019-20,1628388,T.J. Leaf,T.J.,1610612754,IND,Indiana Pacers,0021900169,2019-11-15T00:00:00,IND @ HOU,L,15.921666666666667,5,6,0.833,0,0,0.0,2,4,0.5,3,4,7,1,0,1,0,0,0,2,12,7,24.9,0,0,22.0,24.0,1,83,83,83,125,45,97,12,90,129,90,44,37,71,11,47,30,82,109,31,46,1,1,55,56,42,58,16,1,69,69,1,15:55,1
2019-20,1628991,Jaren Jackson Jr.,Jaren,1610612763,MEM,Memphis Grizzlies,0021900170,2019-11-15T00:00:00,MEM vs. UTA,W,28.133333333333333,4,13,0.308,0,6,0.0,1,1,1.0,3,4,7,1,0,1,1,2,6,1,9,-6,24.9,0,0,21.0,24.0,1,1,1,1,62,60,31,122,90,22,90,65,80,1,11,47,30,82,109,31,10,151,160,78,82,108,58,16,1,76,69,1,28:08,1
2019-20,201571,D.J. Augustin,D.J.,1610612753,ORL,Orlando Magic,0021900168,2019-11-15T00:00:00,ORL vs. SAS,W,25.105,4,8,0.5,1,3,0.333,1,1,1.0,0,3,3,4,0,1,0,2,0,1,10,-6,22.6,0,0,20.0,24.0,1,1,1,1,79,60,73,49,47,67,54,65,80,1,83,63,88,28,109,31,46,151,1,78,70,108,73,16,1,80,69,1,25:06,1
2019-20,202738,Isaiah Thomas,Isaiah,1610612764,WAS,Washington Wizards,0021900171,2019-11-15T00:00:00,WAS @ MIN,W,23.666666666666668,4,8,0.5,2,2,1.0,0,0,0.0,0,1,1,5,0,1,0,2,2,0,10,8,21.7,0,0,20.0,24.0,1,1,1,1,87,60,73,49,28,82,1,89,92,89,83,113,122,15,109,31,46,151,65,117,70,34,78,16,1,80,69,1,23:40,1
2019-20,1629060,Rui Hachimura,Rui,1610612764,WAS,Washington Wizards,0021900171,2019-11-15T00:00:00,WAS @ MIN,W,25.183333333333334,4,10,0.4,0,2,0.0,0,0,0.0,1,3,4,3,2,2,0,2,1,0,8,10,21.3,0,0,19.0,24.0,1,1,1,1,78,60,52,92,90,82,90,89,92,89,37,63,66,40,28,10,46,151,25,117,87,20,82,16,1,88,69,1,25:11,1
2019-20,203926,Doug McDermott,Doug,1610612754,IND,Indiana Pacers,0021900169,2019-11-15T00:00:00,IND @ HOU,L,32.11666666666667,7,15,0.467,3,6,0.5,1,1,1.0,0,5,5,0,2,0,0,0,2,1,18,1,22.0,0,0,26.0,23.0,1,83,83,83,44,22,21,77,13,22,25,65,80,1,83,31,49,123,28,80,46,1,65,78,32,77,75,16,1,44,78,1,32:07,1
2019-20,202357,Nemanja Bjelica,Nemanja,1610612758,SAC,Sacramento Kings,0021900174,2019-11-15T00:00:00,SAC @ LAL,L,22.633333333333333,4,7,0.571,3,4,0.75,0,0,0.0,1,3,4,1,3,2,0,0,5,1,11,-14,20.3,0,0,23.0,23.0,1,83,83,83,91,60,86,42,13,50,13,89,92,89,37,63,66,82,14,10,46,1,153,78,64,154,86,16,1,64,78,1,22:38,1
2019-20,1628464,Daniel Theis,Daniel,1610612738,BOS,Boston Celtics,0021900173,2019-11-15T00:00:00,BOS @ GSW,W,21.85,3,7,0.429,0,1,0.0,1,3,0.333,2,5,7,0,0,2,1,2,5,3,7,-5,24.4,0,0,20.0,23.0,1,1,1,1,97,83,86,83,90,107,90,65,42,86,24,31,30,123,109,10,10,151,153,38,96,103,62,16,1,80,78,1,21:51,1
2019-20,203085,Austin Rivers,Austin,1610612745,HOU,Houston Rockets,0021900169,2019-11-15T00:00:00,HOU vs. IND,W,30.055,4,10,0.4,0,4,0.0,2,2,1.0,1,4,5,1,0,2,0,0,1,3,10,2,23.5,0,0,20.0,23.0,1,1,1,1,53,60,52,92,90,50,90,44,50,1,37,47,49,82,109,10,46,1,25,38,70,69,67,16,1,80,78,1,30:03,1
2019-20,1628379,Luke Kennard,Luke,1610612765,DET,Detroit Pistons,0021900167,2019-11-15T00:00:00,DET @ CHA,L,37.48166666666667,2,5,0.4,1,4,0.25,0,0,0.0,0,5,5,5,0,0,1,0,3,0,5,18,21.5,0,0,18.0,23.0,1,83,83,83,16,99,109,92,47,50,69,89,92,89,83,31,49,15,109,80,10,1,113,117,109,5,81,16,1,92,78,1,37:29,1
2019-20,1626145,Tyus Jones,Tyus,1610612763,MEM,Memphis Grizzlies,0021900170,2019-11-15T00:00:00,MEM vs. UTA,W,17.55,3,6,0.5,1,2,0.5,0,0,0.0,0,0,0,5,0,2,0,0,1,1,7,-8,20.5,0,0,17.0,23.0,1,1,1,1,119,83,97,49,47,82,25,89,92,89,83,143,148,15,109,10,46,1,25,78,96,126,83,16,1,98,78,1,17:33,1
2019-20,203484,Kentavious Caldwell-Pope,Kentavious,1610612747,LAL,Los Angeles Lakers,0021900174,2019-11-15T00:00:00,LAL vs. SAC,W,24.593333333333334,6,10,0.6,3,5,0.6,1,1,1.0,1,2,3,0,1,1,0,0,2,0,16,-7,21.6,0,0,24.0,22.0,1,1,1,1,85,30,52,39,13,38,20,65,80,1,37,87,88,123,62,31,46,1,65,117,39,119,80,16,1,56,84,1,24:36,1
2019-20,203469,Cody Zeller,Cody,1610612766,CHA,Charlotte Hornets,0021900167,2019-11-15T00:00:00,CHA vs. DET,W,28.008333333333333,4,9,0.444,1,1,1.0,1,1,1.0,4,3,7,1,1,1,0,1,4,4,10,11,21.9,0,0,21.0,22.0,1,1,1,1,63,60,62,80,47,107,1,65,80,1,7,63,30,82,62,31,46,121,139,29,70,17,76,16,1,76,84,1,28:01,1
2019-20,1626220,Royce O'Neale,Royce,1610612762,UTA,Utah Jazz,0021900170,2019-11-15T00:00:00,UTA @ MEM,L,34.803333333333335,1,5,0.2,1,4,0.25,2,2,1.0,0,8,8,3,0,1,0,1,4,1,5,2,22.1,0,0,19.0,22.0,1,83,83,83,33,122,109,138,47,50,69,44,50,1,83,11,16,40,109,31,46,121,139,78,109,69,74,16,1,88,84,1,34:48,1
2019-20,202711,Bojan Bogdanovic,Bojan,1610612762,UTA,Utah Jazz,0021900170,2019-11-15T00:00:00,UTA @ MEM,L,34.8,6,15,0.4,3,7,0.429,5,6,0.833,1,0,1,0,1,0,0,1,1,3,20,7,20.2,0,0,24.0,21.0,1,83,83,83,34,30,21,92,13,14,44,15,15,46,37,143,122,123,62,80,46,121,25,38,22,42,88,16,1,56,87,1,34:48,1
2019-20,203200,Justin Holiday,Justin,1610612754,IND,Indiana Pacers,0021900169,2019-11-15T00:00:00,IND @ HOU,L,39.05,4,13,0.308,2,11,0.182,0,0,0.0,0,5,5,3,0,0,0,0,2,4,10,-10,20.5,0,0,20.0,21.0,1,83,83,83,5,60,31,122,28,5,82,89,92,89,83,31,49,40,109,80,46,1,65,29,70,137,83,16,1,80,87,1,39:03,1
2019-20,1627812,Yogi Ferrell,Yogi,1610612758,SAC,Sacramento Kings,0021900174,2019-11-15T00:00:00,SAC @ LAL,L,28.6,6,12,0.5,2,6,0.333,0,0,0.0,1,0,1,3,1,0,0,1,0,1,14,9,18.7,0,0,20.0,21.0,1,83,83,83,59,30,40,49,28,22,54,89,92,89,37,143,122,40,62,80,46,121,1,78,46,26,92,16,1,80,87,1,28:36,1
2019-20,203457,Nerlens Noel,Nerlens,1610612760,OKC,Oklahoma City Thunder,0021900172,2019-11-15T00:00:00,OKC vs. PHI,W,17.616666666666667,2,3,0.667,0,0,0.0,2,2,1.0,1,6,7,1,4,2,0,0,6,2,6,-3,17.9,0,0,18.0,21.0,1,1,1,1,118,99,127,25,90,129,90,44,50,1,37,23,30,82,7,10,46,1,160,55,102,92,98,16,1,92,87,1,17:37,1
2019-20,202722,Davis Bertans,Davis,1610612764,WAS,Washington Wizards,0021900171,2019-11-15T00:00:00,WAS @ MIN,W,24.566666666666666,4,10,0.4,0,4,0.0,0,0,0.0,3,1,4,3,0,0,1,0,2,0,8,14,20.3,0,0,17.0,21.0,1,1,1,1,86,60,52,92,90,50,90,89,92,89,11,113,66,40,109,80,10,1,65,117,87,11,86,16,1,98,87,1,24:34,1
2019-20,1626168,Trey Lyles,Trey,1610612759,SAS,San Antonio Spurs,0021900168,2019-11-15T00:00:00,SAS @ ORL,L,27.351666666666667,3,7,0.429,2,4,0.5,0,0,0.0,5,7,12,0,2,0,0,0,3,0,8,-11,20.4,0,0,22.0,20.0,1,83,83,83,67,83,86,83,28,50,25,89,92,89,4,17,7,123,28,80,46,1,113,117,87,141,85,16,1,69,92,1,27:21,1
2019-20,1628398,Kyle Kuzma,Kyle,1610612747,LAL,Los Angeles Lakers,0021900174,2019-11-15T00:00:00,LAL vs. SAC,W,26.408333333333335,4,9,0.444,3,7,0.429,2,2,1.0,0,5,5,1,2,0,0,0,2,1,13,-1,18.5,0,0,22.0,20.0,1,1,1,1,71,60,62,80,13,14,44,44,50,1,83,31,49,82,28,80,46,1,65,78,49,84,94,16,1,69,92,1,26:25,1
2019-20,200752,Rudy Gay,Rudy,1610612759,SAS,San Antonio Spurs,0021900168,2019-11-15T00:00:00,SAS @ ORL,L,20.648333333333333,6,12,0.5,2,5,0.4,0,0,0.0,1,3,4,1,2,0,0,0,2,0,14,9,18.3,0,0,21.0,20.0,1,83,83,83,103,30,40,49,28,38,48,89,92,89,37,63,66,82,28,80,46,1,65,117,46,26,95,16,1,76,92,1,20:39,1
2019-20,202693,Markieff Morris,Markieff,1610612765,DET,Detroit Pistons,0021900167,2019-11-15T00:00:00,DET @ CHA,L,18.366666666666667,3,9,0.333,2,5,0.4,0,0,0.0,2,5,7,1,3,1,0,0,2,0,8,-6,17.9,0,0,20.0,20.0,1,83,83,83,112,83,62,110,28,38,48,89,92,89,24,31,30,82,14,31,46,1,65,117,87,108,98,16,1,80,92,1,18:22,1
2019-20,1629634,Brandon Clarke,Brandon,1610612763,MEM,Memphis Grizzlies,0021900170,2019-11-15T00:00:00,MEM vs. UTA,W,18.14666666666667,5,7,0.714,0,0,0.0,0,0,0.0,1,3,4,0,2,1,1,0,1,0,10,-9,18.8,0,0,18.0,20.0,1,1,1,1,115,45,86,20,90,129,90,89,92,89,37,63,66,123,28,31,10,1,25,117,70,131,90,16,1,92,92,1,18:09,1
2019-20,1629016,Omari Spellman,Omari,1610612744,GSW,Golden State Warriors,0021900173,2019-11-15T00:00:00,GSW vs. BOS,L,11.566666666666666,2,5,0.4,0,1,0.0,4,6,0.667,7,1,8,0,2,0,1,1,0,3,8,-1,18.6,0,0,18.0,19.0,1,83,83,83,140,99,109,92,90,107,90,26,15,62,1,113,16,123,28,80,10,121,1,38,87,84,93,16,1,92,97,1,11:34,1
2019-20,201980,Danny Green,Danny,1610612747,LAL,Los Angeles Lakers,0021900174,2019-11-15T00:00:00,LAL vs. SAC,W,26.168333333333333,2,8,0.25,1,6,0.167,1,1,1.0,2,2,4,0,1,2,1,0,1,3,6,8,18.8,0,0,17.0,19.0,1,1,1,1,73,99,73,132,47,22,83,65,80,1,24,87,66,123,62,10,10,1,25,38,102,34,90,16,1,98,97,1,26:10,1
2019-20,202954,Brad Wanamaker,Brad,1610612738,BOS,Boston Celtics,0021900173,2019-11-15T00:00:00,BOS @ GSW,W,18.416666666666668,2,4,0.5,0,0,0.0,5,6,0.833,0,1,1,3,2,1,0,1,1,3,9,8,15.7,0,0,15.0,19.0,1,1,1,1,110,99,116,49,90,129,90,15,15,46,83,113,122,40,28,31,46,121,25,38,82,34,104,16,1,103,97,1,18:25,1
2019-20,1627854,Bryn Forbes,Bryn,1610612759,SAS,San Antonio Spurs,0021900168,2019-11-15T00:00:00,SAS @ ORL,L,29.33,4,13,0.308,4,7,0.571,0,0,0.0,0,1,1,1,0,1,0,2,0,0,12,-15,17.7,0,0,20.0,18.0,1,83,83,83,57,60,31,122,7,14,23,89,92,89,83,113,122,82,109,31,46,151,1,117,56,158,101,16,1,80,100,1,29:20,1
2019-20,101107,Marvin Williams,Marvin,1610612766,CHA,Charlotte Hornets,0021900167,2019-11-15T00:00:00,CHA vs. DET,W,29.133333333333333,3,8,0.375,2,5,0.4,0,0,0.0,1,3,4,0,1,2,0,0,1,0,8,2,17.8,0,0,18.0,18.0,1,1,1,1,58,83,73,103,28,38,48,89,92,89,37,63,66,123,62,10,46,1,25,117,87,69,100,16,1,92,100,1,29:08,1
2019-20,203922,Glenn Robinson III,Glenn,1610612744,GSW,Golden State Warriors,0021900173,2019-11-15T00:00:00,GSW vs. BOS,L,32.2,3,11,0.273,1,2,0.5,2,2,1.0,1,3,4,1,0,1,0,1,1,2,9,-3,18.3,0,0,17.0,18.0,1,83,83,83,43,83,47,129,47,82,25,44,50,1,37,63,66,82,109,31,46,121,25,55,82,92,95,16,1,98,100,1,32:12,1
2019-20,202687,Bismack Biyombo,Bismack,1610612766,CHA,Charlotte Hornets,0021900167,2019-11-15T00:00:00,CHA vs. DET,W,19.991666666666667,3,7,0.429,0,0,0.0,4,6,0.667,2,1,3,1,0,0,1,1,3,3,10,-8,18.1,0,0,16.0,18.0,1,1,1,1,105,83,86,83,90,129,90,26,15,62,24,113,88,82,109,80,10,121,113,38,70,126,97,16,1,102,100,1,19:60,1
2019-20,1628401,Derrick White,Derrick,1610612759,SAS,San Antonio Spurs,0021900168,2019-11-15T00:00:00,SAS @ ORL,L,21.583333333333332,1,4,0.25,1,2,0.5,0,0,0.0,0,1,1,4,2,0,2,0,3,0,3,6,14.2,0,0,13.0,18.0,1,83,83,83,100,122,116,132,47,82,25,89,92,89,83,113,122,28,28,80,5,1,113,117,126,49,111,16,1,107,100,1,21:35,1
2019-20,203476,Gorgui Dieng,Gorgui,1610612750,MIN,Minnesota Timberwolves,0021900171,2019-11-15T00:00:00,MIN vs. WAS,L,11.133333333333333,1,1,1.0,1,1,1.0,0,0,0.0,1,3,4,2,0,0,2,0,2,0,3,-9,16.8,0,0,14.0,17.0,1,83,83,83,142,122,148,1,47,107,1,89,92,89,37,63,66,59,109,80,5,1,65,117,126,131,103,16,1,104,105,1,11:08,1
2019-20,202683,Enes Freedom,Enes,1610612738,BOS,Boston Celtics,0021900173,2019-11-15T00:00:00,BOS @ GSW,W,14.683333333333334,2,3,0.667,0,0,0.0,0,0,0.0,1,4,5,1,2,0,2,0,3,0,4,10,15.5,0,0,14.0,17.0,1,1,1,1,128,99,127,25,90,129,90,89,92,89,37,47,49,82,28,80,5,1,113,117,118,20,105,16,1,104,105,1,14:41,1
2019-20,203471,Dennis Schröder,Dennis,1610612760,OKC,Oklahoma City Thunder,0021900172,2019-11-15T00:00:00,OKC vs. PHI,W,25.266666666666666,3,9,0.333,0,5,0.0,2,4,0.5,0,1,1,4,2,0,0,0,2,3,8,-5,13.2,0,0,13.0,17.0,1,1,1,1,77,83,62,110,90,38,90,44,37,71,83,113,122,28,28,80,46,1,65,38,87,103,114,16,1,107,105,1,25:16,1
2019-20,202709,Cory Joseph,Cory,1610612758,SAC,Sacramento Kings,0021900174,2019-11-15T00:00:00,SAC @ LAL,L,23.216666666666665,1,9,0.111,0,2,0.0,0,0,0.0,1,4,5,5,1,0,0,0,2,1,2,-9,14.5,0,0,12.0,17.0,1,83,83,83,88,122,62,144,90,82,90,89,92,89,37,47,49,15,62,80,46,1,65,78,136,131,108,16,1,113,105,1,23:13,1
2019-20,101139,CJ Miles,CJ,1610612764,WAS,Washington Wizards,0021900171,2019-11-15T00:00:00,WAS @ MIN,W,12.6,2,4,0.5,1,3,0.333,3,5,0.6,0,0,0,1,1,2,0,0,1,2,8,-6,14.5,0,0,14.0,16.0,1,1,1,1,136,99,116,49,47,67,54,32,31,68,83,143,148,82,62,10,46,1,25,55,87,108,108,16,1,104,109,1,12:36,1
2019-20,1626203,Treveon Graham,Treveon,1610612750,MIN,Minnesota Timberwolves,0021900171,2019-11-15T00:00:00,MIN vs. WAS,L,23.0,2,7,0.286,0,4,0.0,0,0,0.0,1,4,5,2,1,1,0,0,3,1,4,-12,15.0,0,0,13.0,16.0,1,83,83,83,89,99,86,127,90,50,90,89,92,89,37,47,49,59,62,31,46,1,113,78,118,146,106,16,1,107,109,1,23:00,1
2019-20,1629673,Jordan Poole,Jordan,1610612744,GSW,Golden State Warriors,0021900173,2019-11-15T00:00:00,GSW vs. BOS,L,21.67,1,8,0.125,0,5,0.0,2,2,1.0,0,6,6,1,1,1,0,0,4,1,4,-4,14.7,0,0,13.0,15.0,1,83,83,83,99,122,73,141,90,38,90,44,50,1,83,23,42,82,62,31,46,1,139,78,118,96,107,16,1,107,111,1,21:40,1
2019-20,2730,Dwight Howard,Dwight,1610612747,LAL,Los Angeles Lakers,0021900174,2019-11-15T00:00:00,LAL vs. SAC,W,21.823333333333334,1,1,1.0,0,0,0.0,2,2,1.0,1,6,7,0,1,0,1,0,3,2,4,6,14.4,0,0,13.0,14.0,1,1,1,1,98,122,148,1,90,129,90,44,50,1,37,23,30,123,62,80,10,1,113,55,118,49,110,16,1,107,112,1,21:49,1
2019-20,1628970,Miles Bridges,Miles,1610612766,CHA,Charlotte Hornets,0021900167,2019-11-15T00:00:00,CHA vs. DET,W,24.65,3,6,0.5,1,2,0.5,0,0,0.0,0,2,2,1,3,0,1,0,2,0,7,-18,10.9,0,0,13.0,14.0,1,1,1,1,83,83,97,49,47,82,25,89,92,89,83,87,104,82,14,80,10,1,65,117,96,162,118,16,1,107,112,1,24:39,1
2019-20,2199,Tyson Chandler,Tyson,1610612745,HOU,Houston Rockets,0021900169,2019-11-15T00:00:00,HOU vs. IND,W,24.811666666666667,1,2,0.5,0,0,0.0,0,0,0.0,4,2,6,0,1,1,1,0,2,1,2,24,14.2,0,0,12.0,14.0,1,1,1,1,82,122,140,49,90,129,90,89,92,89,7,87,42,123,62,31,10,1,65,78,136,2,111,16,1,113,112,1,24:49,1
2019-20,1629048,Goga Bitadze,Goga,1610612754,IND,Indiana Pacers,0021900169,2019-11-15T00:00:00,IND @ HOU,L,18.333333333333332,2,3,0.667,0,0,0.0,2,2,1.0,0,3,3,1,0,0,1,0,2,1,6,19,14.1,0,0,12.0,14.0,1,83,83,83,113,99,127,25,90,129,90,44,50,1,83,63,88,82,109,80,10,1,65,78,102,4,113,16,1,113,112,1,18:20,1
2019-20,200765,Rajon Rondo,Rajon,1610612747,LAL,Los Angeles Lakers,0021900174,2019-11-15T00:00:00,LAL vs. SAC,W,18.416666666666668,0,3,0.0,0,2,0.0,0,0,0.0,0,3,3,4,2,1,0,0,2,2,0,-12,10.6,0,0,9.0,14.0,1,1,1,1,110,145,127,145,90,82,90,89,92,89,83,63,88,28,28,31,46,1,65,55,148,146,119,16,1,123,112,1,18:25,1
2019-20,201158,Marco Belinelli,Marco,1610612759,SAS,San Antonio Spurs,0021900168,2019-11-15T00:00:00,SAS @ ORL,L,16.45,2,6,0.333,1,1,1.0,1,3,0.333,0,4,4,1,0,0,0,0,2,1,6,9,12.3,0,0,12.0,12.0,1,83,83,83,123,99,97,110,47,107,1,65,42,86,83,47,66,82,109,80,46,1,65,78,102,26,115,16,1,113,117,1,16:27,1
2019-20,1629065,Ky Bowman,Ky,1610612744,GSW,Golden State Warriors,0021900173,2019-11-15T00:00:00,GSW vs. BOS,L,13.53,3,8,0.375,0,2,0.0,0,0,0.0,2,1,3,0,1,1,0,0,2,1,6,-2,11.6,0,0,11.0,12.0,1,83,83,83,130,83,73,103,90,82,90,89,92,89,24,113,88,123,62,31,46,1,65,78,102,90,117,16,1,117,117,1,13:32,1
2019-20,1626144,Emmanuel Mudiay,Emmanuel,1610612762,UTA,Utah Jazz,0021900170,2019-11-15T00:00:00,UTA @ MEM,L,12.983333333333333,3,4,0.75,1,2,0.5,0,0,0.0,0,1,1,2,3,0,0,0,1,0,7,-8,8.2,0,0,11.0,12.0,1,83,83,83,132,83,116,17,47,82,25,89,92,89,83,113,122,59,14,80,46,1,25,117,96,126,130,16,1,117,117,1,12:59,1
2019-20,201580,JaVale McGee,JaVale,1610612747,LAL,Los Angeles Lakers,0021900174,2019-11-15T00:00:00,LAL vs. SAC,W,12.1,1,5,0.2,0,0,0.0,0,0,0.0,3,4,7,1,0,0,0,0,1,1,2,4,11.9,0,0,10.0,11.0,1,1,1,1,138,122,109,138,90,129,90,89,92,89,11,47,30,82,109,80,46,1,25,78,136,58,116,16,1,121,120,1,12:06,1
2019-20,204060,Joe Ingles,Joe,1610612762,UTA,Utah Jazz,0021900170,2019-11-15T00:00:00,UTA @ MEM,L,17.78,2,4,0.5,1,3,0.333,0,0,0.0,0,2,2,2,1,0,0,0,2,0,5,4,9.4,0,0,10.0,11.0,1,83,83,83,116,99,116,49,47,67,54,89,92,89,83,87,104,59,62,80,46,1,65,117,109,58,123,16,1,121,120,1,17:47,1
2019-20,1629057,Robert Williams III,Robert,1610612738,BOS,Boston Celtics,0021900173,2019-11-15T00:00:00,BOS @ GSW,W,10.033333333333333,0,0,0.0,0,0,0.0,0,0,0.0,2,3,5,3,0,0,0,0,0,0,0,0,10.5,0,0,8.0,11.0,1,1,1,1,144,145,160,145,90,129,90,89,92,89,24,63,49,40,109,80,46,1,1,117,148,81,120,16,1,127,120,1,10:02,1
2019-20,1627763,Malcolm Brogdon,Malcolm,1610612754,IND,Indiana Pacers,0021900169,2019-11-15T00:00:00,IND @ HOU,L,9.116666666666667,1,4,0.25,0,3,0.0,0,0,0.0,0,1,1,4,1,0,0,0,0,1,2,1,8.2,0,0,7.0,11.0,1,83,83,83,146,122,116,132,90,67,90,89,92,89,83,113,122,28,62,80,46,1,1,78,136,77,130,16,1,132,120,1,9:07,1
2019-20,203473,Dewayne Dedmon,Dewayne,1610612758,SAC,Sacramento Kings,0021900174,2019-11-15T00:00:00,SAC @ LAL,L,15.233333333333333,2,4,0.5,1,2,0.5,0,0,0.0,0,5,5,0,1,0,0,0,1,1,5,7,10.0,0,0,11.0,10.0,1,83,83,83,127,99,116,49,47,82,25,89,92,89,83,31,49,123,62,80,46,1,25,78,109,42,121,16,1,117,124,1,15:14,1
2019-20,203933,T.J. Warren,T.J.,1610612754,IND,Indiana Pacers,0021900169,2019-11-15T00:00:00,IND @ HOU,L,22.4,1,8,0.125,1,5,0.2,5,6,0.833,0,2,2,0,2,0,0,1,6,4,8,-14,8.4,0,0,11.0,10.0,1,83,83,83,94,122,73,141,47,38,79,15,15,46,83,87,104,123,28,80,46,121,160,29,87,154,128,16,1,117,124,1,22:24,1
2019-20,1627774,Jake Layman,Jake,1610612750,MIN,Minnesota Timberwolves,0021900171,2019-11-15T00:00:00,MIN vs. WAS,L,27.816666666666666,2,7,0.286,0,3,0.0,0,0,0.0,1,3,4,1,3,0,0,0,1,0,4,-4,7.3,0,0,9.0,10.0,1,83,83,83,66,99,86,127,90,67,90,89,92,89,37,63,66,82,14,80,46,1,25,117,118,96,133,16,1,123,124,1,27:49,1
2019-20,1627846,Abdel Nader,Abdel,1610612760,OKC,Oklahoma City Thunder,0021900172,2019-11-15T00:00:00,OKC vs. PHI,W,16.19,1,3,0.333,0,1,0.0,1,2,0.5,0,1,1,0,1,1,1,0,3,3,3,3,9.2,0,0,8.0,10.0,1,1,1,1,124,122,127,110,90,107,90,65,50,71,83,113,122,123,62,31,10,1,113,38,126,62,126,16,1,127,124,1,16:11,1
2019-20,1629684,Grant Williams,Grant,1610612738,BOS,Boston Celtics,0021900173,2019-11-15T00:00:00,BOS @ GSW,W,15.616666666666667,1,1,1.0,0,0,0.0,0,0,0.0,0,3,3,1,3,1,0,0,2,0,2,0,7.1,0,0,8.0,10.0,1,1,1,1,126,122,148,1,90,129,90,89,92,89,83,63,88,82,14,31,46,1,65,117,136,81,134,16,1,127,124,1,15:37,1
2019-20,202397,Ish Smith,Ish,1610612764,WAS,Washington Wizards,0021900171,2019-11-15T00:00:00,WAS @ MIN,W,21.04,0,5,0.0,0,0,0.0,0,0,0.0,1,3,4,3,0,0,0,0,2,0,0,8,9.3,0,0,7.0,10.0,1,1,1,1,101,145,109,145,90,129,90,89,92,89,37,63,66,40,109,80,46,1,65,117,148,34,124,16,1,132,124,1,21:02,1
2019-20,203118,Mike Scott,Mike,1610612755,PHI,Philadelphia 76ers,0021900172,2019-11-15T00:00:00,PHI @ OKC,L,18.15,1,2,0.5,1,2,0.5,0,0,0.0,0,4,4,1,0,0,0,0,1,0,3,-1,9.3,0,0,9.0,9.0,1,83,83,83,114,122,140,49,47,82,25,89,92,89,83,47,66,82,109,80,46,1,25,117,126,84,124,16,1,123,130,1,18:09,1
2019-20,200757,Thabo Sefolosha,Thabo,1610612745,HOU,Houston Rockets,0021900169,2019-11-15T00:00:00,HOU vs. IND,W,13.55,2,5,0.4,1,4,0.25,0,0,0.0,0,1,1,0,0,1,0,0,4,0,5,-11,9.2,0,0,9.0,9.0,1,1,1,1,129,99,109,92,47,50,69,89,92,89,83,113,122,123,109,31,46,1,139,117,109,141,126,16,1,123,130,1,13:33,1
2019-20,203524,Solomon Hill,Solomon,1610612763,MEM,Memphis Grizzlies,0021900170,2019-11-15T00:00:00,MEM vs. UTA,W,19.03,1,4,0.25,0,2,0.0,0,0,0.0,1,3,4,0,0,1,0,0,1,0,2,7,9.8,0,0,8.0,9.0,1,1,1,1,107,122,116,132,90,82,90,89,92,89,37,63,66,123,109,31,46,1,25,117,136,42,122,16,1,127,130,1,19:02,1
2019-20,203960,JaKarr Sampson,JaKarr,1610612754,IND,Indiana Pacers,0021900169,2019-11-15T00:00:00,IND @ HOU,L,16.916666666666668,2,3,0.667,0,1,0.0,0,0,0.0,1,1,2,0,1,0,1,0,2,1,4,-15,8.4,0,0,8.0,9.0,1,83,83,83,121,99,127,25,90,107,90,89,92,89,37,113,104,123,62,80,10,1,65,78,118,158,128,16,1,127,130,1,16:55,1
2019-20,203943,Noah Vonleh,Noah,1610612750,MIN,Minnesota Timberwolves,0021900171,2019-11-15T00:00:00,MIN vs. WAS,L,9.556666666666667,2,2,1.0,0,0,0.0,2,2,1.0,0,0,0,1,1,0,0,0,2,1,6,-8,6.5,0,0,7.0,8.0,1,83,83,83,145,99,140,1,90,129,90,44,50,1,83,143,148,82,62,80,46,1,65,78,102,126,136,16,1,132,134,1,9:33,1
2019-20,201145,Jeff Green,Jeff,1610612762,UTA,Utah Jazz,0021900170,2019-11-15T00:00:00,UTA @ MEM,L,20.6,0,5,0.0,0,2,0.0,2,2,1.0,0,1,1,1,2,1,0,0,1,1,2,-10,5.7,0,0,6.0,8.0,1,83,83,83,104,145,109,145,90,82,90,44,50,1,83,113,122,82,28,31,46,1,25,78,136,137,141,16,1,137,134,1,20:36,1
2019-20,1629103,Kelan Martin,Kelan,1610612750,MIN,Minnesota Timberwolves,0021900171,2019-11-15T00:00:00,MIN vs. WAS,L,12.983333333333333,3,9,0.333,0,6,0.0,0,0,0.0,0,1,1,0,1,0,0,0,2,0,6,-9,6.2,0,0,7.0,7.0,1,83,83,83,132,83,62,110,90,22,90,89,92,89,83,113,122,123,62,80,46,1,65,117,102,131,137,16,1,132,136,1,12:59,1
2019-20,203516,James Ennis III,James,1610612755,PHI,Philadelphia 76ers,0021900172,2019-11-15T00:00:00,PHI @ OKC,L,17.683333333333334,1,3,0.333,0,1,0.0,0,0,0.0,1,1,2,0,0,1,0,0,1,2,2,8,7.4,0,0,6.0,7.0,1,83,83,83,117,122,127,110,90,107,90,89,92,89,37,113,104,123,109,31,46,1,25,55,136,34,132,16,1,137,136,1,17:41,1
2019-20,1628392,Isaiah Hartenstein,Isaiah,1610612745,HOU,Houston Rockets,0021900169,2019-11-15T00:00:00,HOU vs. IND,W,13.233333333333333,2,2,1.0,0,0,0.0,0,0,0.0,0,0,0,0,0,0,1,0,2,1,4,-1,7.0,0,0,6.0,7.0,1,1,1,1,131,99,140,1,90,129,90,89,92,89,83,143,148,123,109,80,10,1,65,78,118,84,135,16,1,137,136,1,13:14,1
2019-20,1627788,Furkan Korkmaz,Furkan,1610612755,PHI,Philadelphia 76ers,0021900172,2019-11-15T00:00:00,PHI @ OKC,L,25.708333333333332,1,7,0.143,1,4,0.25,0,0,0.0,0,0,0,2,0,0,0,1,2,0,3,-8,6.0,0,0,6.0,7.0,1,83,83,83,75,122,86,140,47,50,69,89,92,89,83,143,148,59,109,80,46,121,65,117,126,126,139,16,1,137,136,1,25:43,1
2019-20,1626174,Christian Wood,Christian,1610612765,DET,Detroit Pistons,0021900167,2019-11-15T00:00:00,DET @ CHA,L,6.383333333333334,2,3,0.667,1,1,1.0,0,0,0.0,0,1,1,0,1,0,0,0,1,1,5,-7,5.2,0,0,7.0,6.0,1,83,83,83,152,99,127,25,47,107,1,89,92,89,83,113,122,123,62,80,46,1,25,78,109,119,144,16,1,132,140,1,6:23,1
2019-20,1629647,Darius Bazley,Darius,1610612760,OKC,Oklahoma City Thunder,0021900172,2019-11-15T00:00:00,OKC vs. PHI,W,16.766666666666666,2,2,1.0,0,0,0.0,1,2,0.5,0,1,1,0,0,0,0,0,0,1,5,-5,6.2,0,0,6.0,6.0,1,1,1,1,122,99,140,1,90,129,90,65,50,71,83,113,122,123,109,80,46,1,1,78,109,103,137,16,1,137,140,1,16:46,1
2019-20,1627737,Marquese Chriss,Marquese,1610612744,GSW,Golden State Warriors,0021900173,2019-11-15T00:00:00,GSW vs. BOS,L,12.916666666666666,2,3,0.667,0,1,0.0,0,0,0.0,0,2,2,0,1,0,0,0,0,1,4,-12,5.4,0,0,6.0,6.0,1,83,83,83,134,99,127,25,90,107,90,89,92,89,83,87,104,123,62,80,46,1,1,78,118,146,142,16,1,137,140,1,12:55,1
2019-20,203487,Michael Carter-Williams,Michael,1610612753,ORL,Orlando Magic,0021900168,2019-11-15T00:00:00,ORL vs. SAS,W,8.953333333333333,1,3,0.333,0,1,0.0,1,1,1.0,0,0,0,0,0,0,1,0,3,2,3,-1,6.0,0,0,5.0,6.0,1,1,1,1,147,122,127,110,90,107,90,65,80,1,83,143,148,123,109,80,10,1,113,55,126,84,139,16,1,143,140,1,8:57,1
2019-20,1629035,Carsen Edwards,Carsen,1610612738,BOS,Boston Celtics,0021900173,2019-11-15T00:00:00,BOS @ GSW,W,12.7,0,4,0.0,0,1,0.0,0,0,0.0,0,2,2,2,0,0,0,0,1,0,0,4,5.4,0,0,4.0,6.0,1,1,1,1,135,145,116,145,90,107,90,89,92,89,83,87,104,59,109,80,46,1,25,117,148,58,142,16,1,146,140,1,12:42,1
2019-20,1628385,Harry Giles III,Harry,1610612758,SAC,Sacramento Kings,0021900174,2019-11-15T00:00:00,SAC @ LAL,L,2.4166666666666665,0,1,0.0,0,0,0.0,0,0,0.0,0,0,0,1,0,1,0,0,0,0,0,-4,4.5,0,0,3.0,5.0,1,83,83,83,164,145,148,145,90,129,90,89,92,89,83,143,148,82,109,31,46,1,1,117,148,96,145,16,1,149,145,1,2:25,1
2019-20,203526,Raul Neto,Raul,1610612755,PHI,Philadelphia 76ers,0021900172,2019-11-15T00:00:00,PHI @ OKC,L,6.4,1,2,0.5,1,2,0.5,0,0,0.0,0,1,1,0,0,0,0,0,2,1,3,-6,4.2,0,0,5.0,4.0,1,83,83,83,151,122,140,49,47,82,25,89,92,89,83,113,122,123,109,80,46,1,65,78,126,108,147,16,1,143,146,1,6:24,1
2019-20,1629598,Chris Clemons,Chris,1610612745,HOU,Houston Rockets,0021900169,2019-11-15T00:00:00,HOU vs. IND,W,7.03,1,3,0.333,1,2,0.5,0,0,0.0,0,1,1,0,1,0,0,1,0,0,3,-7,3.2,0,0,5.0,4.0,1,1,1,1,149,122,127,110,47,82,25,89,92,89,83,113,122,123,62,80,46,121,1,117,126,119,152,16,1,143,146,1,7:02,1
2019-20,1626188,Quinn Cook,Quinn,1610612747,LAL,Los Angeles Lakers,0021900174,2019-11-15T00:00:00,LAL vs. SAC,W,4.15,1,2,0.5,0,0,0.0,0,0,0.0,0,2,2,0,0,0,0,0,0,0,2,6,4.4,0,0,4.0,4.0,1,1,1,1,159,122,140,49,90,129,90,89,92,89,83,87,104,123,109,80,46,1,1,117,136,49,146,16,1,146,146,1,4:09,1
2019-20,1628966,Keita Bates-Diop,Keita,1610612750,MIN,Minnesota Timberwolves,0021900171,2019-11-15T00:00:00,MIN vs. WAS,L,4.733333333333333,0,0,0.0,0,0,0.0,0,0,0.0,1,0,1,0,0,0,1,0,1,0,0,-6,4.2,0,0,3.0,4.0,1,83,83,83,155,145,160,145,90,129,90,89,92,89,37,143,122,123,109,80,10,1,25,117,148,108,147,16,1,149,146,1,4:44,1
2019-20,1628400,Semi Ojeleye,Semi,1610612738,BOS,Boston Celtics,0021900173,2019-11-15T00:00:00,BOS @ GSW,W,4.233333333333333,1,1,1.0,0,0,0.0,0,0,0.0,0,0,0,1,0,0,0,0,1,0,2,-7,3.5,0,0,3.0,4.0,1,1,1,1,158,122,148,1,90,129,90,89,92,89,83,143,148,82,109,80,46,1,25,117,136,119,149,16,1,149,146,1,4:14,1
2019-20,1628411,Wes Iwundu,Wes,1610612753,ORL,Orlando Magic,0021900168,2019-11-15T00:00:00,ORL vs. SAS,W,6.966666666666667,0,0,0.0,0,0,0.0,2,2,1.0,0,0,0,1,0,0,0,0,1,1,2,-13,3.5,0,0,3.0,4.0,1,1,1,1,150,145,160,145,90,129,90,44,50,1,83,143,148,82,109,80,46,1,25,78,136,152,149,16,1,149,146,1,6:58,1
2019-20,1629067,Isaac Bonga,Isaac,1610612764,WAS,Washington Wizards,0021900171,2019-11-15T00:00:00,WAS @ MIN,W,2.716666666666667,1,1,1.0,1,1,1.0,0,0,0.0,0,0,0,0,0,0,0,0,0,0,3,1,3.0,0,0,4.0,3.0,1,1,1,1,163,122,148,1,47,107,1,89,92,89,83,143,148,123,109,80,46,1,1,117,126,77,153,16,1,146,152,1,2:43,1
2019-20,1628395,Jordan Bell,Jordan,1610612750,MIN,Minnesota Timberwolves,0021900171,2019-11-15T00:00:00,MIN vs. WAS,L,4.733333333333333,0,3,0.0,0,1,0.0,1,2,0.5,0,2,2,0,0,0,0,0,0,1,1,-6,3.4,0,0,3.0,3.0,1,83,83,83,155,145,127,145,90,107,90,65,50,71,83,87,104,123,109,80,46,1,1,78,147,108,151,16,1,149,152,1,4:44,1
2019-20,1628964,Mo Bamba,Mo,1610612753,ORL,Orlando Magic,0021900168,2019-11-15T00:00:00,ORL vs. SAS,W,11.016666666666667,0,1,0.0,0,1,0.0,0,0,0.0,1,2,3,0,2,0,0,0,1,0,0,-14,1.6,0,0,3.0,3.0,1,1,1,1,143,145,148,145,90,107,90,89,92,89,37,87,88,123,28,80,46,1,25,117,148,154,155,16,1,149,152,1,11:01,1
2019-20,203488,Mike Muscala,Mike,1610612760,OKC,Oklahoma City Thunder,0021900172,2019-11-15T00:00:00,OKC vs. PHI,W,4.248333333333333,0,1,0.0,0,0,0.0,0,0,0.0,0,1,1,1,0,0,0,0,0,0,0,3,2.7,0,0,2.0,3.0,1,1,1,1,157,145,148,145,90,129,90,89,92,89,83,113,122,82,109,80,46,1,1,117,148,62,154,16,1,155,152,1,4:15,1
2019-20,1628396,Tony Bradley,Tony,1610612762,UTA,Utah Jazz,0021900170,2019-11-15T00:00:00,UTA @ MEM,L,11.516666666666667,0,3,0.0,0,0,0.0,0,0,0.0,0,2,2,0,1,0,0,1,2,0,0,-11,1.4,0,0,2.0,2.0,1,83,83,83,141,145,127,145,90,129,90,89,92,89,83,87,104,123,62,80,46,121,65,117,148,141,156,16,1,155,156,1,11:31,1
2019-20,1629680,Matisse Thybulle,Matisse,1610612755,PHI,Philadelphia 76ers,0021900172,2019-11-15T00:00:00,PHI @ OKC,L,4.866666666666666,0,1,0.0,0,1,0.0,0,0,0.0,0,0,0,1,1,0,0,0,2,1,0,-6,0.5,0,0,1.0,2.0,1,83,83,83,153,145,148,145,90,107,90,89,92,89,83,143,148,82,62,80,46,1,65,78,148,108,160,16,1,157,156,1,4:52,1
2019-20,1629741,Marko Guduric,Marko,1610612763,MEM,Memphis Grizzlies,0021900170,2019-11-15T00:00:00,MEM vs. UTA,W,12.283333333333333,0,6,0.0,0,4,0.0,0,0,0.0,0,0,0,1,1,0,0,0,2,0,0,-9,0.5,0,0,1.0,2.0,1,1,1,1,137,145,97,145,90,50,90,89,92,89,83,143,148,82,62,80,46,1,65,117,148,131,160,16,1,157,156,1,12:17,1
2019-20,203503,Tony Snell,Tony,1610612765,DET,Detroit Pistons,0021900167,2019-11-15T00:00:00,DET @ CHA,L,8.6,0,0,0.0,0,0,0.0,0,0,0.0,0,1,1,0,0,0,0,0,1,0,0,7,1.2,0,0,1.0,1.0,1,83,83,83,148,145,160,145,90,129,90,89,92,89,83,113,122,123,109,80,46,1,25,117,148,42,157,16,1,157,159,1,8:36,1
2019-20,201162,Jared Dudley,Jared,1610612747,LAL,Los Angeles Lakers,0021900174,2019-11-15T00:00:00,LAL vs. SAC,W,3.6333333333333333,0,1,0.0,0,0,0.0,0,0,0.0,0,1,1,0,0,0,0,0,1,0,0,-7,1.2,0,0,1.0,1.0,1,1,1,1,160,145,148,145,90,129,90,89,92,89,83,113,122,123,109,80,46,1,25,117,148,119,157,16,1,157,159,1,3:38,1
2019-20,1629117,Wenyen Gabriel,Wenyen,1610612758,SAC,Sacramento Kings,0021900174,2019-11-15T00:00:00,SAC @ LAL,L,4.8,0,1,0.0,0,1,0.0,0,0,0.0,1,0,1,0,0,0,0,0,1,0,0,-11,1.2,0,0,1.0,1.0,1,83,83,83,154,145,148,145,90,107,90,89,92,89,37,143,122,123,109,80,46,1,25,117,148,141,157,16,1,157,159,1,4:48,1
2019-20,1629610,DaQuan Jeffries,DaQuan,1610612758,SAC,Sacramento Kings,0021900174,2019-11-15T00:00:00,SAC @ LAL,L,1.55,0,0,0.0,0,0,0.0,0,0,0.0,0,0,0,0,0,0,0,0,0,0,0,5,0.0,0,0,0.0,0.0,1,83,83,83,165,145,160,145,90,129,90,89,92,89,83,143,148,123,109,80,46,1,1,117,148,54,162,16,1,162,162,1,1:33,1
2019-20,1627748,Thon Maker,Thon,1610612765,DET,Detroit Pistons,0021900167,2019-11-15T00:00:00,DET @ CHA,L,3.466666666666667,0,0,0.0,0,0,0.0,0,0,0.0,0,0,0,0,0,0,0,0,1,0,0,2,0.0,0,0,0.0,0.0,1,83,83,83,161,145,160,145,90,129,90,89,92,89,83,143,148,123,109,80,46,1,25,117,148,69,162,16,1,162,162,1,3:28,1
2019-20,1629109,Gary Clark,Gary,1610612745,HOU,Houston Rockets,0021900169,2019-11-15T00:00:00,HOU vs. IND,W,3.35,0,1,0.0,0,1,0.0,0,0,0.0,0,0,0,0,0,0,0,0,0,0,0,-4,0.0,0,0,0.0,0.0,1,1,1,1,162,145,148,145,90,107,90,89,92,89,83,143,148,123,109,80,46,1,1,117,148,96,162,16,1,162,162,1,3:21,1
2019-20,1629004,Svi Mykhailiuk,Svi,1610612765,DET,Detroit Pistons,0021900167,2019-11-15T00:00:00,DET @ CHA,L,11.833333333333334,0,2,0.0,0,2,0.0,0,0,0.0,0,0,0,0,0,0,0,0,1,0,0,-11,0.0,0,0,0.0,0.0,1,83,83,83,139,145,140,145,90,82,90,89,92,89,83,143,148,123,109,80,46,1,25,117,148,141,162,16,1,162,162,1,11:50,1
