PLAYER_ID,GP_PRE,GP_THROUGH,PLAYED_TARGET_DATE,GP_DELTA
101108,8.0,8,False,0.0
200768,1.0,1,False,0.0
201142,11.0,11,False,0.0
201143,9.0,9,False,0.0
201144,12.0,13,True,1.0
201145,5.0,5,False,0.0
201566,13.0,13,False,0.0
201567,6.0,6,False,0.0
201569,3.0,3,False,0.0
201572,12.0,12,False,0.0
201587,12.0,12,False,0.0
201599,2.0,2,False,0.0
201935,11.0,11,False,0.0
201939,11.0,11,False,0.0
201942,13.0,13,False,0.0
201950,12.0,12,False,0.0
202066,1.0,2,True,1.0
202685,11.0,12,True,1.0
202687,5.0,5,False,0.0
202691,12.0,12,False,0.0
202695,6.0,6,False,0.0
202696,11.0,11,False,0.0
202699,6.0,6,False,0.0
202710,13.0,13,False,0.0
203076,5.0,5,False,0.0
203078,6.0,6,False,0.0
203083,11.0,11,False,0.0
203084,12.0,12,False,0.0
203110,13.0,13,False,0.0
203114,9.0,9,False,0.0
203468,12.0,12,False,0.0
203471,13.0,13,False,0.0
203482,3.0,3,False,0.0
203484,13.0,14,True,1.0
203486,5.0,6,True,1.0
203497,12.0,13,True,1.0
203500,10.0,10,False,0.0
203501,11.0,12,True,1.0
203507,11.0,12,True,1.0
203648,3.0,4,True,1.0
203897,11.0,11,False,0.0
203903,12.0,12,False,0.0
203914,6.0,7,True,1.0
203924,12.0,12,False,0.0
203926,1.0,1,False,0.0
203932,10.0,11,True,1.0
203935,11.0,11,False,0.0
203937,3.0,3,False,0.0
203939,11.0,11,False,0.0
203944,12.0,13,True,1.0
203952,13.0,13,False,0.0
203954,6.0,6,False,0.0
203967,3.0,3,False,0.0
203991,11.0,11,False,0.0
203992,6.0,6,False,0.0
203994,12.0,12,False,0.0
203999,11.0,12,True,1.0
204001,9.0,9,False,0.0
204060,4.0,4,False,0.0
204456,2.0,3,True,1.0
1626145,13.0,13,False,0.0
1626156,13.0,13,False,0.0
1626157,12.0,12,False,0.0
1626162,12.0,12,False,0.0
1626164,13.0,13,False,0.0
1626167,13.0,14,True,1.0
1626171,13.0,14,True,1.0
1626172,7.0,7,False,0.0
1626181,10.0,10,False,0.0
1626192,8.0,9,True,1.0
1626204,11.0,12,True,1.0
1626220,13.0,13,False,0.0
1627734,10.0,10,False,0.0
1627739,12.0,12,False,0.0
1627741,14.0,14,False,0.0
1627742,12.0,13,True,1.0
1627747,9.0,9,False,0.0
1627750,10.0,11,True,1.0
1627751,8.0,9,True,1.0
1627752,8.0,8,False,0.0
1627759,13.0,13,False,0.0
1627780,13.0,13,False,0.0
1627783,11.0,12,True,1.0
1627824,11.0,11,False,0.0
1627826,12.0,12,False,0.0
1627884,12.0,12,False,0.0
1627936,9.0,10,True,1.0
1628366,10.0,11,True,1.0
1628368,4.0,4,False,0.0
1628370,10.0,10,False,0.0
1628371,12.0,12,False,0.0
1628374,12.0,12,False,0.0
1628378,11.0,12,True,1.0
1628379,11.0,11,False,0.0
1628381,12.0,12,False,0.0
1628384,12.0,12,False,0.0
1628386,11.0,12,True,1.0
1628389,8.0,8,False,0.0
1628392,13.0,14,True,1.0
1628396,12.0,13,True,1.0
1628398,12.0,13,True,1.0
1628401,13.0,13,False,0.0
1628404,11.0,11,False,0.0
1628415,7.0,7,False,0.0
1628418,8.0,8,False,0.0
1628420,4.0,5,True,1.0
1628436,5.0,5,False,0.0
1628449,7.0,7,False,0.0
1628467,2.0,3,True,1.0
1628502,11.0,11,False,0.0
1628960,13.0,13,False,0.0
1628963,12.0,12,False,0.0
1628969,12.0,12,False,0.0
1628970,12.0,13,True,1.0
1628971,11.0,12,True,1.0
1628973,11.0,11,False,0.0
1628975,3.0,3,False,0.0
1628976,13.0,13,False,0.0
1628978,12.0,13,True,1.0
1628983,13.0,14,True,1.0
1628988,6.0,6,False,0.0
1628989,11.0,11,False,0.0
1628991,13.0,14,True,1.0
1628997,11.0,11,False,0.0
1628998,4.0,4,False,0.0
1629004,12.0,12,False,0.0
1629006,11.0,11,False,0.0
1629008,11.0,11,False,0.0
1629011,6.0,6,False,0.0
1629012,11.0,12,True,1.0
1629013,12.0,12,False,0.0
1629014,13.0,13,False,0.0
1629018,13.0,14,True,1.0
1629020,13.0,14,True,1.0
1629023,12.0,12,False,0.0
1629027,5.0,5,False,0.0
1629028,12.0,13,True,1.0
1629029,9.0,10,True,1.0
1629048,13.0,13,False,0.0
1629057,7.0,7,False,0.0
1629060,13.0,13,False,0.0
1629111,13.0,14,True,1.0
1629130,13.0,13,False,0.0
1629162,8.0,8,False,0.0
1629216,3.0,3,False,0.0
1629234,13.0,13,False,0.0
1629599,12.0,13,True,1.0
1629611,12.0,12,False,0.0
1629614,5.0,6,True,1.0
1629618,6.0,6,False,0.0
1629627,5.0,5,False,0.0
1629628,12.0,13,True,1.0
1629630,11.0,12,True,1.0
1629631,10.0,11,True,1.0
1629636,3.0,3,False,0.0
1629637,10.0,11,True,1.0
1629638,11.0,11,False,0.0
1629640,12.0,12,False,0.0
1629645,1.0,1,False,0.0
1629646,2.0,2,False,0.0
1629651,12.0,12,False,0.0
1629652,7.0,8,True,1.0
1629655,8.0,8,False,0.0
1629656,12.0,12,False,0.0
1629661,11.0,11,False,0.0
1629673,7.0,7,False,0.0
1629674,13.0,13,False,0.0
1629675,12.0,13,True,1.0
1629680,4.0,4,False,0.0
1629723,11.0,12,True,1.0
1629731,12.0,13,True,1.0
1629750,13.0,13,False,0.0
1630162,8.0,9,True,1.0
1630163,7.0,7,False,0.0
1630164,1.0,1,False,0.0
1630166,12.0,12,False,0.0
1630167,3.0,3,False,0.0
1630168,13.0,13,False,0.0
1630170,12.0,12,False,0.0
1630171,11.0,11,False,0.0
1630172,11.0,11,False,0.0
1630173,6.0,6,False,0.0
1630174,11.0,11,False,0.0
1630175,12.0,13,True,1.0
1630178,12.0,12,False,0.0
1630180,12.0,12,False,0.0
1630183,12.0,13,True,1.0
1630188,11.0,11,False,0.0
1630191,10.0,10,False,0.0
1630192,6.0,6,False,0.0
1630193,12.0,13,True,1.0
1630194,11.0,11,False,0.0
1630198,8.0,9,True,1.0
1630200,11.0,11,False,0.0
1630202,13.0,13,False,0.0
1630208,13.0,13,False,0.0
1630214,7.0,7,False,0.0
1630217,13.0,13,False,0.0
1630224,2.0,2,False,0.0
1630228,13.0,13,False,0.0
1630230,13.0,13,False,0.0
1630241,10.0,11,True,1.0
1630245,9.0,9,False,0.0
1630249,9.0,9,False,0.0
1630256,7.0,7,False,0.0
1630264,5.0,5,False,0.0
1630311,8.0,8,False,0.0
1630314,11.0,11,False,0.0
1630322,5.0,5,False,0.0
1630526,7.0,8,True,1.0
1630529,12.0,12,False,0.0
1630530,12.0,12,False,0.0
1630532,13.0,13,False,0.0
1630533,10.0,10,False,0.0
1630534,9.0,9,False,0.0
1630536,2.0,2,False,0.0
1630538,11.0,11,False,0.0
1630540,10.0,10,False,0.0
1630541,12.0,12,False,0.0
1630543,12.0,13,True,1.0
1630544,12.0,13,True,1.0
1630545,7.0,7,False,0.0
1630548,6.0,6,False,0.0
1630549,11.0,11,False,0.0
1630551,11.0,11,False,0.0
1630552,11.0,11,False,0.0
1630557,12.0,12,False,0.0
1630558,13.0,13,False,0.0
1630559,10.0,11,True,1.0
1630560,8.0,8,False,0.0
1630567,12.0,13,True,1.0
1630568,12.0,12,False,0.0
1630570,9.0,9,False,0.0
1630572,11.0,12,True,1.0
1630573,13.0,13,False,0.0
1630574,8.0,8,False,0.0
1630577,12.0,12,False,0.0
1630578,11.0,11,False,0.0
1630579,8.0,9,True,1.0
1630581,9.0,9,False,0.0
1630583,13.0,14,True,1.0
1630587,7.0,7,False,0.0
1630591,10.0,10,False,0.0
1630592,10.0,10,False,0.0
1630595,11.0,11,False,0.0
1630596,12.0,13,True,1.0
1630598,9.0,9,False,0.0
1630604,4.0,4,False,0.0
1630611,11.0,11,False,0.0
1630619,9.0,9,False,0.0
1630621,1.0,1,False,0.0
1630623,4.0,4,False,0.0
1630631,11.0,11,False,0.0
1630643,12.0,13,True,1.0
1630644,3.0,3,False,0.0
1630692,10.0,10,False,0.0
1630696,13.0,13,False,0.0
1630700,13.0,13,False,0.0
1630702,11.0,11,False,0.0
1630811,12.0,12,False,0.0
1631094,12.0,12,False,0.0
1631095,10.0,10,False,0.0
1631096,9.0,10,True,1.0
1631097,2.0,2,False,0.0
1631101,12.0,12,False,0.0
1631103,5.0,5,False,0.0
1631104,6.0,6,False,0.0
1631105,11.0,11,False,0.0
1631106,11.0,11,False,0.0
1631107,13.0,13,False,0.0
1631108,13.0,13,False,0.0
1631109,11.0,11,False,0.0
1631110,6.0,6,False,0.0
1631111,2.0,2,False,0.0
1631115,1.0,1,False,0.0
1631117,5.0,5,False,0.0
1631119,13.0,13,False,0.0
1631120,5.0,5,False,0.0
1631121,4.0,4,False,0.0
1631124,8.0,9,True,1.0
1631126,4.0,4,False,0.0
1631127,3.0,3,False,0.0
1631128,11.0,11,False,0.0
1631132,2.0,2,False,0.0
1631133,12.0,12,False,0.0
1631157,13.0,14,True,1.0
1631159,7.0,7,False,0.0
1631165,13.0,13,False,0.0
1631169,12.0,12,False,0.0
1631170,13.0,13,False,0.0
1631172,10.0,11,True,1.0
1631199,3.0,3,False,0.0
1631200,11.0,11,False,0.0
1631207,7.0,7,False,0.0
1631210,3.0,3,False,0.0
1631212,11.0,12,True,1.0
1631213,12.0,12,False,0.0
1631216,5.0,5,False,0.0
1631217,12.0,13,True,1.0
1631218,8.0,8,False,0.0
1631221,13.0,13,False,0.0
1631222,13.0,14,True,1.0
1631230,3.0,3,False,0.0
1631243,13.0,13,False,0.0
1631245,5.0,5,False,0.0
1631246,8.0,9,True,1.0
1631247,6.0,6,False,0.0
1631248,9.0,9,False,0.0
1631250,1.0,1,False,0.0
1631255,10.0,10,False,0.0
1631260,13.0,14,True,1.0
1631288,1.0,1,False,0.0
1631321,7.0,7,False,0.0
1631323,13.0,13,False,0.0
1631342,1.0,1,False,0.0
1641705,12.0,12,False,0.0
1641706,2.0,2,False,0.0
1641707,9.0,9,False,0.0
1641708,11.0,11,False,0.0
1641709,10.0,10,False,0.0
1641710,13.0,13,False,0.0
1641711,12.0,13,True,1.0
1641712,6.0,6,False,0.0
1641713,6.0,6,False,0.0
1641715,12.0,12,False,0.0
1641716,12.0,13,True,1.0
1641717,12.0,13,True,1.0
1641718,12.0,12,False,0.0
1641722,11.0,11,False,0.0
1641724,9.0,9,False,0.0
1641726,4.0,4,False,0.0
1641729,11.0,11,False,0.0
1641730,12.0,12,False,0.0
1641731,4.0,4,False,0.0
1641732,1.0,1,False,0.0
1641733,5.0,6,True,1.0
1641737,12.0,12,False,0.0
1641738,7.0,7,False,0.0
1641739,12.0,12,False,0.0
1641740,10.0,11,True,1.0
1641744,0.0,1,True,1.0
1641747,2.0,2,False,0.0
1641748,5.0,6,True,1.0
1641750,11.0,12,True,1.0
1641752,6.0,6,False,0.0
1641757,2.0,2,False,0.0
1641763,10.0,10,False,0.0
1641764,14.0,14,False,0.0
1641765,9.0,9,False,0.0
1641767,12.0,13,True,1.0
1641772,4.0,5,True,1.0
1641774,9.0,9,False,0.0
1641775,9.0,9,False,0.0
1641780,2.0,2,False,0.0
1641783,13.0,13,False,0.0
1641790,7.0,7,False,0.0
1641796,13.0,13,False,0.0
1641810,1.0,2,True,1.0
1641813,4.0,5,True,1.0
1641816,5.0,5,False,0.0
1641824,11.0,11,False,0.0
1641842,13.0,13,False,0.0
1641854,13.0,14,True,1.0
1641871,9.0,9,False,0.0
1641989,6.0,6,False,0.0
1641998,1.0,1,False,0.0
1642066,1.0,1,False,0.0
1642258,11.0,11,False,0.0
1642259,12.0,12,False,0.0
1642261,12.0,13,True,1.0
1642262,7.0,7,False,0.0
1642263,11.0,11,False,0.0
1642264,12.0,12,False,0.0
1642265,10.0,11,True,1.0
1642266,9.0,10,True,1.0
1642267,12.0,12,False,0.0
1642268,4.0,4,False,0.0
1642269,8.0,8,False,0.0
1642270,12.0,12,False,0.0
1642271,12.0,12,False,0.0
1642272,3.0,3,False,0.0
1642273,11.0,11,False,0.0
1642274,7.0,7,False,0.0
1642275,7.0,7,False,0.0
1642276,13.0,13,False,0.0
1642277,3.0,3,False,0.0
1642278,10.0,10,False,0.0
1642281,11.0,11,False,0.0
1642282,3.0,3,False,0.0
1642285,13.0,14,True,1.0
1642345,13.0,13,False,0.0
1642346,13.0,13,False,0.0
1642347,12.0,13,True,1.0
1642348,10.0,10,False,0.0
1642349,13.0,14,True,1.0
1642352,4.0,4,False,0.0
1642353,8.0,8,False,0.0
1642354,5.0,6,True,1.0
1642355,8.0,9,True,1.0
1642357,3.0,3,False,0.0
1642358,7.0,7,False,0.0
1642359,5.0,5,False,0.0
1642363,9.0,9,False,0.0
1642364,3.0,3,False,0.0
1642366,14.0,14,False,0.0
1642367,7.0,7,False,0.0
1642368,4.0,4,False,0.0
1642377,13.0,14,True,1.0
1642382,8.0,9,True,1.0
1642383,11.0,11,False,0.0
1642403,3.0,3,False,0.0
1642404,9.0,9,False,0.0
1642419,10.0,10,False,0.0
1642434,3.0,3,False,0.0
1642443,2.0,2,False,0.0
1642449,2.0,2,False,0.0
1642450,8.0,8,False,0.0
1642461,7.0,8,True,1.0
1642484,10.0,11,True,1.0
1642843,13.0,13,False,0.0
1642844,6.0,6,False,0.0
1642845,12.0,12,False,0.0
1642846,12.0,12,False,0.0
1642847,12.0,12,False,0.0
1642848,12.0,12,False,0.0
1642849,3.0,3,False,0.0
1642851,12.0,13,True,1.0
1642852,12.0,12,False,0.0
1642853,7.0,7,False,0.0
1642854,7.0,7,False,0.0
1642856,11.0,11,False,0.0
1642859,7.0,7,False,0.0
1642860,9.0,9,False,0.0
1642862,9.0,9,False,0.0
1642863,7.0,7,False,0.0
1642864,11.0,11,False,0.0
1642866,8.0,8,False,0.0
1642867,9.0,10,True,1.0
1642868,7.0,7,False,0.0
1642869,7.0,7,False,0.0
1642873,2.0,2,False,0.0
1642874,2.0,2,False,0.0
1642875,6.0,6,False,0.0
1642876,0.0,1,True,1.0
1642877,8.0,8,False,0.0
1642878,11.0,12,True,1.0
1642879,7.0,7,False,0.0
1642883,12.0,13,True,1.0
1642885,6.0,6,False,0.0
1642886,1.0,1,False,0.0
1642905,5.0,5,False,0.0
1642907,13.0,14,True,1.0
1642914,8.0,8,False,0.0
1642920,4.0,4,False,0.0
1642928,3.0,3,False,0.0
1642939,1.0,1,False,0.0
1642948,5.0,5,False,0.0
1642949,5.0,5,False,0.0
1642954,12.0,12,False,0.0
1642959,12.0,12,False,0.0
1642962,6.0,6,False,0.0
1642964,11.0,12,True,1.0
1643007,8.0,9,True,1.0
1643024,2.0,2,False,0.0
1643141,3.0,3,False,0.0
