PLAYER_ID,PLAYER_NAME,TEAM_ID,TEAM_ABBREVIATION,GP,W,L,MIN,PASSES_MADE,PASSES_RECEIVED,AST,FT_AST,SECONDARY_AST,POTENTIAL_AST,AST_PTS_CREATED,AST_ADJ,AST_TO_PASS_PCT,AST_TO_PASS_PCT_ADJ
1631260,AJ Green,1610612749,MIL,13,8,5,357.0,475,388,24,3,9,37,62,36,0.051,0.076
1642358,AJ Johnson,1610612742,DAL,7,0,7,35.0,39,53,4,1,1,9,12,6,0.103,0.154
203932,Aaron Gordon,1610612743,DEN,10,8,2,297.0,312,380,16,0,2,34,39,18,0.051,0.058
1628988,Aaron Holiday,1610612745,HOU,6,6,0,43.0,61,83,7,0,0,12,18,7,0.115,0.115
1630174,Aaron Nesmith,1610612754,IND,11,1,10,335.0,430,473,17,4,7,32,48,28,0.04,0.065
1630598,Aaron Wiggins,1610612760,OKC,9,8,1,248.0,246,306,20,1,5,39,46,26,0.081,0.106
1642846,Ace Bailey,1610612762,UTA,12,4,8,251.0,147,205,20,2,3,40,58,25,0.136,0.17
1641737,Adem Bona,1610612755,PHI,12,7,5,177.0,111,69,3,0,0,4,6,3,0.027,0.027
1642349,Ajay Mitchell,1610612760,OKC,13,12,1,365.0,441,658,50,4,13,97,130,67,0.113,0.152
201143,Al Horford,1610612744,GSW,9,6,3,196.0,280,236,12,1,3,39,35,16,0.043,0.057
1627936,Alex Caruso,1610612760,OKC,9,9,0,181.0,232,213,24,1,2,38,58,27,0.103,0.116
1642259,Alex Sarr,1610612764,WAS,12,1,11,353.0,544,500,46,4,6,67,128,56,0.085,0.103
1630578,Alperen Sengun,1610612745,HOU,11,8,3,397.0,613,699,81,6,9,126,204,96,0.132,0.157
1642873,Amari Williams,1610612738,BOS,2,0,2,7.0,8,7,1,0,0,3,2,1,0.125,0.125
1641708,Amen Thompson,1610612745,HOU,11,8,3,387.0,593,780,60,9,7,119,167,76,0.101,0.128
1629599,Amir Coffey,1610612756,PHX,12,7,5,125.0,81,69,7,0,2,10,16,9,0.086,0.111
203083,Andre Drummond,1610612755,PHI,11,7,4,236.0,178,118,9,0,2,15,20,11,0.051,0.062
1641748,Andre Jackson Jr.,1610612749,MIL,5,2,3,19.0,35,21,5,0,0,8,12,5,0.143,0.143
1629614,Andrew Nembhard,1610612754,IND,5,0,5,137.0,293,456,34,3,3,60,84,40,0.116,0.137
203952,Andrew Wiggins,1610612748,MIA,13,7,6,428.0,337,457,37,4,13,62,99,54,0.11,0.16
1629014,Anfernee Simons,1610612741,CHI,13,6,7,330.0,389,581,31,2,8,76,81,41,0.08,0.105
1641710,Anthony Black,1610612753,ORL,13,7,6,334.0,449,561,30,5,7,63,81,42,0.067,0.094
203076,Anthony Davis,1610612764,WAS,5,2,3,149.0,220,231,11,0,0,22,28,11,0.05,0.05
1630162,Anthony Edwards,1610612750,MIN,8,6,2,235.0,311,492,27,2,11,56,69,40,0.087,0.129
1630264,Anthony Gill,1610612764,WAS,5,0,5,13.0,8,8,0,0,0,0,0,0,0.0,0.0
1641810,Antonio Reeves,1610612766,CHA,1,0,1,4.0,1,0,0,0,0,0,0,0,0.0,0.0
1630574,Ariel Hukporti,1610612752,NYK,8,5,3,56.0,39,30,5,1,1,10,12,7,0.128,0.179
1642854,Asa Newell,1610612737,ATL,7,6,1,71.0,60,48,1,0,0,4,3,1,0.017,0.017
1641709,Ausar Thompson,1610612765,DET,10,8,2,291.0,390,483,34,3,3,56,90,40,0.087,0.103
1630559,Austin Reaves,1610612747,LAL,10,7,3,363.0,554,790,82,1,11,118,185,94,0.148,0.17
1630245,Ayo Dosunmu,1610612750,MIN,9,5,4,228.0,313,406,27,4,4,50,79,35,0.086,0.112
1628389,Bam Adebayo,1610612748,MIA,8,4,4,243.0,221,279,23,1,5,27,59,29,0.104,0.131
1631248,Baylor Scheierman,1610612738,BOS,9,5,4,81.0,80,50,2,0,1,9,5,3,0.025,0.038
1642879,Ben Saraf,1610612751,BKN,7,0,7,97.0,169,217,17,2,1,33,45,20,0.101,0.118
1641767,Ben Sheppard,1610612754,IND,12,1,11,305.0,475,461,20,2,7,55,53,29,0.042,0.061
1631097,Bennedict Mathurin,1610612746,LAC,2,0,2,73.0,94,117,5,0,0,16,13,5,0.053,0.053
1641731,Bilal Coulibaly,1610612764,WAS,4,0,4,95.0,103,122,13,0,2,11,32,15,0.126,0.146
202687,Bismack Biyombo,1610612759,SAS,5,4,1,44.0,46,20,2,0,0,3,6,2,0.043,0.043
1631104,Blake Wesley,1610612757,POR,6,4,2,98.0,175,200,19,2,3,34,53,24,0.109,0.137
1626171,Bobby Portis Jr.,1610612749,MIL,13,8,5,268.0,347,280,17,0,1,34,44,18,0.049,0.052
1641752,Bobi Klintman,1610612765,DET,6,5,1,53.0,56,45,4,0,0,6,8,4,0.071,0.071
203992,Bogdan Bogdanović,1610612746,LAC,6,2,4,148.0,199,226,19,2,4,38,51,25,0.095,0.126
1630538,Bones Hyland,1610612750,MIN,11,7,4,101.0,175,222,15,1,2,17,35,18,0.086,0.103
203078,Bradley Beal,1610612746,LAC,6,2,4,121.0,115,163,10,1,1,20,25,12,0.087,0.104
1642382,Branden Carlson,1610612760,OKC,8,7,1,59.0,53,44,3,0,0,3,7,3,0.057,0.057
1641764,Brandin Podziemski,1610612744,GSW,14,8,6,400.0,629,706,44,5,12,93,125,61,0.07,0.097
1627742,Brandon Ingram,1610612761,TOR,12,7,5,401.0,367,480,48,1,9,84,123,58,0.131,0.158
1641706,Brandon Miller,1610612766,CHA,2,1,1,40.0,47,68,8,1,1,12,22,10,0.17,0.213
1630314,Brandon Williams,1610612742,DAL,11,2,9,217.0,353,461,34,5,4,65,86,43,0.096,0.122
1641729,Brice Sensabaugh,1610612762,UTA,10,3,7,146.0,142,162,12,0,2,19,29,14,0.085,0.099
