PLAYER_ID,PLAYER_NAME,TEAM_ID,TEAM_ABBREVIATION,GP,W,L,MIN,DRIVES,DRIVE_FGM,DRIVE_FGA,DRIVE_FG_PCT,DRIVE_FTM,DRIVE_FTA,DRIVE_FT_PCT,DRIVE_PTS,DRIVE_PTS_PCT,DRIVE_PASSES,DRIVE_PASSES_PCT,DRIVE_AST,DRIVE_AST_PCT,DRIVE_TOV,DRIVE_TOV_PCT,DRIVE_PF,DRIVE_PF_PCT
203932,Aaron Gordon,1610612753,ORL,62,30,32,32.5,4.8,0.8,2.0,0.405,0.6,0.9,0.661,2.3,0.49,1.7,0.351,0.5,0.108,0.3,0.068,0.5,0.095
1628988,Aaron Holiday,1610612754,IND,66,42,24,24.5,7.6,1.4,3.2,0.448,0.4,0.5,0.875,3.4,0.442,3.6,0.476,0.8,0.106,0.3,0.04,0.2,0.032
1627846,Abdel Nader,1610612760,OKC,55,37,18,15.8,3.0,0.7,1.3,0.514,0.4,0.5,0.808,1.9,0.62,1.1,0.355,0.3,0.09,0.3,0.108,0.2,0.078
1629690,Adam Mokoka,1610612741,CHI,11,3,8,10.2,1.1,0.4,0.6,0.571,0.0,0.0,0.0,0.7,0.667,0.4,0.333,0.1,0.083,0.1,0.083,0.0,0.0
1629678,Admiral Schofield,1610612764,WAS,33,9,24,11.2,0.4,0.0,0.1,0.0,0.0,0.1,0.5,0.0,0.083,0.2,0.583,0.1,0.167,0.0,0.0,0.0,0.083
201143,Al Horford,1610612755,PHI,67,39,28,30.2,1.4,0.3,0.6,0.465,0.1,0.1,0.7,0.7,0.5,0.6,0.404,0.1,0.074,0.1,0.053,0.1,0.053
202329,Al-Farouq Aminu,1610612753,ORL,18,7,11,21.1,2.3,0.2,0.8,0.2,0.1,0.1,0.5,0.4,0.167,1.1,0.476,0.2,0.095,0.3,0.119,0.1,0.024
202692,Alec Burks,1610612755,PHI,66,21,45,26.6,6.6,1.3,3.3,0.403,1.6,1.8,0.899,4.5,0.684,1.8,0.268,0.5,0.069,0.4,0.066,0.9,0.137
1629346,Alen Smailagic,1610612744,GSW,14,1,13,9.9,1.6,0.3,0.6,0.444,0.4,0.4,0.833,1.0,0.636,0.4,0.273,0.1,0.091,0.2,0.136,0.2,0.136
1627936,Alex Caruso,1610612747,LAL,64,48,16,18.4,3.2,0.5,1.3,0.383,0.4,0.5,0.75,1.4,0.425,1.3,0.391,0.4,0.135,0.3,0.087,0.3,0.082
203458,Alex Len,1610612758,SAC,54,18,36,17.7,0.4,0.2,0.3,0.643,0.0,0.0,0.5,0.4,0.905,0.1,0.238,0.0,0.048,0.0,0.048,0.0,0.048
1628035,Alfonzo McKinnie,1610612739,CLE,40,11,29,14.8,1.5,0.5,1.0,0.488,0.1,0.1,0.5,1.1,0.7,0.3,0.2,0.1,0.05,0.1,0.067,0.1,0.033
1628993,Alize Johnson,1610612754,IND,17,10,7,6.9,0.9,0.1,0.4,0.143,0.1,0.1,0.5,0.2,0.188,0.4,0.375,0.1,0.125,0.1,0.125,0.1,0.063
203459,Allen Crabbe,1610612750,MIN,37,5,32,17.6,1.6,0.3,0.7,0.385,0.1,0.1,1.0,0.6,0.379,0.6,0.379,0.0,0.017,0.2,0.121,0.0,0.017
1629019,Allonzo Trier,1610612752,NYK,24,2,22,12.1,3.1,0.5,0.9,0.619,0.2,0.3,0.667,1.3,0.4,1.6,0.507,0.3,0.093,0.5,0.147,0.1,0.04
1628518,Amile Jefferson,1610612753,ORL,18,5,13,4.1,0.2,0.1,0.1,0.5,0.1,0.2,0.25,0.2,0.75,0.0,0.0,0.0,0.0,0.0,0.0,0.1,0.5
1629599,Amir Coffey,1610612746,LAC,18,11,7,8.8,1.8,0.6,1.1,0.526,0.1,0.1,0.5,1.2,0.656,0.6,0.344,0.3,0.156,0.1,0.031,0.1,0.031
203083,Andre Drummond,1610612739,CLE,56,21,35,32.9,3.5,0.8,1.8,0.444,0.3,0.6,0.531,1.9,0.533,0.8,0.218,0.2,0.051,0.5,0.142,0.3,0.081
2738,Andre Iguodala,1610612748,MIA,20,10,10,19.8,1.1,0.2,0.3,0.5,0.0,0.0,0.0,0.3,0.273,0.7,0.636,0.2,0.136,0.1,0.091,0.0,0.0
203460,Andre Roberson,1610612760,OKC,7,3,4,12.4,0.9,0.1,0.6,0.25,0.0,0.0,0.0,0.3,0.333,0.3,0.333,0.0,0.0,0.0,0.0,0.0,0.0
203952,Andrew Wiggins,1610612744,GSW,54,15,39,34.4,14.1,3.4,6.9,0.489,1.7,2.2,0.788,8.7,0.618,4.7,0.333,0.9,0.063,0.9,0.066,1.1,0.079
1629014,Anfernee Simons,1610612757,POR,70,32,38,20.7,3.7,0.9,2.2,0.406,0.6,0.7,0.84,2.6,0.694,0.8,0.225,0.2,0.054,0.2,0.043,0.4,0.097
1627790,Ante Zizic,1610612739,CLE,22,4,18,10.0,0.0,0.0,0.0,1.0,0.0,0.0,0.0,0.1,3.0,0.0,0.0,0.0,0.0,0.0,0.0,0.0,0.0
203076,Anthony Davis,1610612747,LAL,62,46,16,34.4,3.6,0.8,1.8,0.468,1.1,1.3,0.885,2.9,0.788,0.8,0.221,0.2,0.066,0.3,0.071,0.6,0.173
201229,Anthony Tolliver,1610612763,MEM,55,24,31,15.9,0.4,0.0,0.2,0.222,0.1,0.1,0.667,0.1,0.348,0.1,0.304,0.0,0.087,0.1,0.174,0.1,0.13
1628499,Antonius Cleveland,1610612742,DAL,11,6,5,4.2,0.7,0.3,0.5,0.6,0.1,0.2,0.5,0.6,0.875,0.1,0.125,0.1,0.125,0.1,0.125,0.1,0.125
1628394,Anžejs Pasečņiks,1610612764,WAS,27,9,18,16.2,0.2,0.1,0.1,0.5,0.1,0.1,1.0,0.3,1.167,0.0,0.167,0.0,0.0,0.0,0.0,0.0,0.167
203382,Aron Baynes,1610612756,PHX,41,19,22,22.3,0.5,0.2,0.3,0.538,0.1,0.1,0.75,0.4,0.818,0.1,0.273,0.0,0.045,0.0,0.0,0.0,0.091
203085,Austin Rivers,1610612745,HOU,68,43,25,23.4,5.3,1.2,2.6,0.455,0.6,0.8,0.768,3.1,0.594,1.8,0.35,0.3,0.056,0.2,0.045,0.4,0.078
202340,Avery Bradley,1610612747,LAL,49,36,13,24.2,1.8,0.4,0.8,0.463,0.1,0.1,0.667,0.9,0.472,0.7,0.371,0.3,0.157,0.2,0.101,0.1,0.034
1629168,BJ Johnson,1610612753,ORL,10,5,5,8.3,0.8,0.0,0.5,0.0,0.2,0.2,1.0,0.2,0.25,0.0,0.0,0.0,0.0,0.2,0.25,0.1,0.125
1628389,Bam Adebayo,1610612748,MIA,71,44,27,33.5,4.4,1.2,2.1,0.568,0.6,1.0,0.676,3.2,0.716,1.2,0.265,0.3,0.067,0.4,0.089,0.5,0.109
203463,Ben McLemore,1610612745,HOU,71,44,27,22.8,1.1,0.1,0.4,0.4,0.1,0.2,0.583,0.4,0.36,0.4,0.413,0.1,0.12,0.1,0.093,0.1,0.08
1627732,Ben Simmons,1610612755,PHI,57,35,22,35.4,11.9,1.9,3.8,0.502,0.9,1.5,0.593,4.8,0.404,6.4,0.541,1.2,0.102,0.6,0.05,0.8,0.063
202687,Bismack Biyombo,1610612766,CHA,52,18,34,19.6,0.0,0.0,0.0,1.0,0.0,0.0,0.0,0.0,2.0,0.0,0.0,0.0,0.0,0.0,0.0,0.0,0.0
201933,Blake Griffin,1610612765,DET,17,8,9,28.4,6.2,1.4,3.0,0.471,1.4,1.9,0.75,4.4,0.708,1.6,0.264,0.2,0.028,0.5,0.075,0.9,0.151
1626246,Boban Marjanovic,1610612742,DAL,44,21,23,9.6,0.0,0.0,0.0,0.0,0.0,0.0,0.0,0.0,0.0,0.0,0.0,0.0,0.0,0.0,0.0,0.0,0.0
1626171,Bobby Portis Jr.,1610612752,NYK,66,21,45,21.1,1.7,0.6,1.1,0.541,0.2,0.3,0.778,1.5,0.882,0.3,0.209,0.1,0.055,0.0,0.027,0.2,0.091
203992,Bogdan Bogdanović,1610612758,SAC,60,29,31,28.9,6.7,1.4,2.9,0.474,0.4,0.5,0.7,3.2,0.47,2.9,0.426,0.8,0.121,0.5,0.079,0.3,0.037
202711,Bojan Bogdanovic,1610612762,UTA,63,41,22,33.1,9.1,2.1,4.6,0.454,1.0,1.1,0.875,5.4,0.594,2.8,0.308,0.6,0.061,0.9,0.094,0.6,0.064
1629626,Bol Bol,1610612743,DEN,7,2,5,12.4,0.9,0.4,0.6,0.75,0.3,0.3,1.0,1.1,1.333,0.1,0.167,0.0,0.0,0.0,0.0,0.1,0.167
202954,Brad Wanamaker,1610612738,BOS,71,48,23,19.3,3.9,0.6,1.7,0.38,0.8,0.9,0.922,2.2,0.566,1.4,0.361,0.4,0.109,0.2,0.062,0.5,0.117
203078,Bradley Beal,1610612764,WAS,57,20,37,36.0,16.1,4.0,7.6,0.525,3.2,3.7,0.862,11.5,0.712,5.1,0.317,1.1,0.07,1.1,0.066,1.9,0.116
1629634,Brandon Clarke,1610612763,MEM,58,29,29,22.4,1.5,0.6,1.0,0.586,0.2,0.2,1.0,1.4,0.898,0.3,0.216,0.1,0.034,0.1,0.057,0.1,0.057
1629164,Brandon Goodwin,1610612737,ATL,34,13,21,12.7,4.4,0.7,1.6,0.446,0.1,0.1,1.0,1.6,0.362,2.2,0.497,0.4,0.087,0.4,0.087,0.1,0.02
1627742,Brandon Ingram,1610612740,NOP,61,25,36,33.8,12.7,2.7,5.8,0.476,1.9,2.3,0.842,7.8,0.61,4.3,0.337,1.2,0.094,1.0,0.079,1.1,0.088
202688,Brandon Knight,1610612765,DET,25,4,21,18.5,4.8,0.5,1.2,0.448,0.1,0.2,0.6,1.2,0.248,2.9,0.595,0.6,0.116,0.5,0.107,0.1,0.025
1628968,Brian Bowen II,1610612754,IND,6,5,1,5.2,0.2,0.2,0.2,1.0,0.0,0.0,0.0,0.3,2.0,0.0,0.0,0.0,0.0,0.0,0.0,0.0,0.0
201572,Brook Lopez,1610612749,MIL,67,52,15,26.7,1.3,0.4,0.8,0.518,0.4,0.4,0.833,1.3,0.988,0.1,0.105,0.0,0.035,0.1,0.047,0.2,0.174
1628971,Bruce Brown,1610612765,DET,57,18,39,28.3,8.5,1.2,3.1,0.399,0.7,0.9,0.82,3.3,0.386,4.1,0.481,0.9,0.11,0.7,0.079,0.4,0.052
