season,group,rows,prior_minutes_mae,prior_minutes_n,last3_mae,last3_n,last5_mae,last5_n,last10_mae,last10_n,season_avg_mae,season_avg_n
2019-20,overall_5plus,19822,5.670657266337067,19822,5.019850670971647,19822,4.950781370867387,19822,5.004951791546617,19822,5.187300541653323,19822
2019-20,stable_5plus,16821,5.5009785387313475,16821,4.840328557557022,16821,4.821761468798923,16821,4.821369253490456,16821,4.822397738775018,16821
2019-20,role_change_5plus,3001,6.62172886815506,3001,6.02609574586249,3001,5.673954903920915,3001,6.033956080997693,3001,7.232628781312084,3001
2019-20,history_0,529,,0,,0,,0,,0,,0
2019-20,history_1-2,1038,5.387691072575466,1038,5.1519548811817595,1038,5.1519548811817595,1038,5.1519548811817595,1038,5.1519548811817595,1038
2019-20,history_3-4,1004,5.582881806108897,1004,4.989611553784861,1004,5.003798417441345,1004,5.003798417441345,1004,5.003798417441345,1004
2019-20,history_5-9,2368,5.803666948198198,2368,5.234324558933934,2368,5.205947212837838,2368,5.2576408693850105,2368,5.2576408693850105,2368
2019-20,history_10+,17454,5.6526117222413195,17454,4.990752804196427,17454,4.916162789809404,17454,4.970669235323326,17454,5.177757405634723,17454
2019-20,realized_minutes_0-10_5plus,2177,6.667906905527485,2177,6.563886847343438,2177,6.783308987903843,2177,7.219631274106642,2177,7.714161803677257,2177
2019-20,realized_minutes_10-20_5plus,4935,5.830720702465383,4935,5.0328454351007545,4935,4.828491117865585,4935,4.69789803235715,4935,4.540515758919763,4935
2019-20,realized_minutes_20-30_5plus,6786,5.637386285489734,6786,4.825965549988538,6786,4.734274584929757,6786,4.731420414559543,6786,4.767506944047052,6786
2019-20,realized_minutes_30-60_5plus,5924,5.20895087778528,5924,4.663707611223648,5924,4.627233907269863,5924,4.760207867222025,5924,5.278391913820802,5924
2023-24,overall_5plus,23622,5.813556007112014,23622,5.1116284725162044,23622,5.037610645443513,23622,5.064269198149066,23622,5.437105890320667,23622
2023-24,stable_5plus,19455,5.639439218709843,19455,4.9268319198149575,19455,4.908418795511008,19455,4.87571190248423,19455,4.926777617794436,19455
2023-24,role_change_5plus,4167,6.626477081833453,4167,5.974411513745567,4167,5.6407849772018235,4167,5.944610495763514,4167,7.8197400496674,4167
2023-24,history_0,572,,0,,0,,0,,0,,0
2023-24,history_1-2,1118,5.300277280858676,1118,4.926011478831247,1118,4.926011478831247,1118,4.926011478831247,1118,4.926011478831247,1118
2023-24,history_3-4,1089,5.576475359657178,1089,4.9083573104785225,1089,4.933441485562697,1089,4.933441485562697,1089,4.933441485562697,1089
2023-24,history_5-9,2582,5.644251226439452,2582,5.141673551940787,2582,4.997998063516654,2582,5.047401367935934,2582,5.047401367935934,2582
2023-24,history_10+,21040,5.834332858048163,21040,5.107941381495564,21040,5.042471847275031,21040,5.066339195183777,21040,5.484929895871873,21040
2023-24,realized_minutes_0-10_5plus,3518,5.988794769755542,3518,5.722704503821616,3518,5.8283340913397765,3518,6.080131139626592,3518,6.613719362729398,3518
2023-24,realized_minutes_10-20_5plus,5489,6.0329519645351315,5489,5.149068844760228,5489,4.994202344082104,5489,4.8008378656061526,5489,4.842823931766788,5489
2023-24,realized_minutes_20-30_5plus,7193,6.018953148894759,7193,5.123208752336377,7193,4.9661129338708925,7193,4.9353260995772645,7193,5.050849718930588,7193
2023-24,realized_minutes_30-60_5plus,7422,5.36917766999012,7422,4.783068430192521,7422,4.76420538040061,7422,4.902541898531322,7422,5.6932401015005585,7422
2025-26,overall_5plus,23805,5.7854039767555845,23805,5.083006511237135,23805,5.000591192326542,23805,5.039665990343721,23805,5.315158427212361,23805
2025-26,stable_5plus,19784,5.569709950801995,19784,4.873966813811386,19784,4.85417195713708,19784,4.842638348495765,19784,4.868565957151455,19784
2025-26,role_change_5plus,4021,6.846655060930116,4021,6.111517173726822,4021,5.72099859073199,4021,6.009075308005985,4021,7.512468904129783,4021
2025-26,history_0,582,,0,,0,,0,,0,,0
2025-26,history_1-2,1149,5.4573861328691615,1149,5.231319988395707,1149,5.231319988395707,1149,5.231319988395707,1149,5.231319988395707,1149
2025-26,history_3-4,1115,5.6651494768310915,1115,5.006754359740907,1115,5.0071376432486305,1115,5.0071376432486305,1115,5.0071376432486305,1115
2025-26,history_5-9,2601,5.490342816865309,2601,4.975558545858431,2601,4.925008970908625,2601,4.948882699012793,2601,4.948882699012793,2601
2025-26,history_10+,21204,5.8215978117336356,21204,5.096186673373997,21204,5.009862525938503,21204,5.050801971326165,21204,5.3600878352979615,21204
2025-26,realized_minutes_0-10_5plus,3177,6.303754590284335,3177,6.173336131220927,3177,6.263040394502151,3177,6.5091351710708425,3177,6.807568773253782,3177
2025-26,realized_minutes_10-20_5plus,5625,6.201650370370371,5625,5.19907575308642,5625,5.026648,5625,4.890517073015873,5625,4.756289143057754,5625
2025-26,realized_minutes_20-30_5plus,8593,5.522587183366306,8593,4.722146255996482,8593,4.583272780169906,8593,4.5956669711473035,8593,4.925215152168388,8593
2025-26,realized_minutes_30-60_5plus,6410,5.515544201768071,6410,4.924505026867742,6410,4.911456474258971,6410,5.037441753955872,6410,5.588642766751975,6410
