season,candidate,n,mae
2019-20,last_2,19822,5.190433272794538
2019-20,last_3,19822,5.019850670971647
2019-20,last_4,19822,4.982633563717083
2019-20,last_5,19822,4.950781370867387
2019-20,last_6,19822,4.946896669245171
2019-20,last_8,19822,4.980372149631722
2019-20,last_10,19822,5.004951791546617
2019-20,last_15,19822,5.062113023801116
2019-20,season,19822,5.187300541653323
2019-20,ewm_3,19822,4.903611982712782
2019-20,ewm_5,19822,4.808444725726976
2019-20,ewm_10,19822,4.852081019221178
2023-24,last_2,23622,5.278219209493975
2023-24,last_3,23622,5.1116284725162044
2023-24,last_4,23622,5.0540925302683934
2023-24,last_5,23622,5.037610645443513
2023-24,last_6,23622,5.022808723506336
2023-24,last_8,23622,5.034002013525191
2023-24,last_10,23622,5.064269198149066
2023-24,last_15,23622,5.144371946781914
2023-24,season,23622,5.437105890320667
2023-24,ewm_3,23622,5.000462180435189
2023-24,ewm_5,23622,4.894185099276825
2023-24,ewm_10,23622,4.924035871523887
2025-26,last_2,23805,5.223729993698802
2025-26,last_3,23805,5.083006511237135
2025-26,last_4,23805,5.026999597423511
2025-26,last_5,23805,5.000591192326542
2025-26,last_6,23805,4.996920296856403
2025-26,last_8,23805,5.011827098732093
2025-26,last_10,23805,5.039665990343721
2025-26,last_15,23805,5.114644371197621
2025-26,season,23805,5.315158427212361
2025-26,ewm_3,23805,4.964557720415149
2025-26,ewm_5,23805,4.861652320208293
2025-26,ewm_10,23805,4.895585782426052
