gameId,actionNumber,clock,period,teamId,teamTricode,personId,playerName,playerNameI,xLegacy,yLegacy,shotDistance,shotResult,isFieldGoal,scoreHome,scoreAway,pointsTotal,location,description,actionType,subType,videoAvailable,shotValue,actionId,_sub_anchor_index,_source_row_index
0022300616,68,PT06M22.00S,1,1610612762,UTA,1629012,Sexton,C. Sexton,16,1,2,Made,1,17,14,31,v,Sexton 2' Running Layup (7 PTS) (Dunn 2 AST),Made Shot,Running Layup Shot,1,2,53,54,52
0022300616,70,PT06M22.00S,1,0,,1610612740,,,0,0,0,,0,,,0,h,PELICANS Timeout: Regular (Full 1 Short 0),Timeout,Regular,0,0,54,54,53
0022300616,71,PT06M22.00S,1,1610612740,NOP,1629627,Williamson,Z. Williamson,0,0,0,,0,,,0,h,SUB: Nance Jr. FOR Williamson,Substitution,,0,0,55,54,54
0022300616,72,PT06M22.00S,1,1610612740,NOP,202685,Valančiūnas,J. Valančiūnas,0,0,0,,0,,,0,h,SUB: Murphy III FOR Valanciunas,Substitution,,0,0,56,54,55
0022300616,73,PT06M22.00S,1,1610612762,UTA,1628381,Collins,J. Collins,0,0,0,,0,,,0,v,SUB: Kessler FOR Collins,Substitution,,0,0,57,54,56
0022300616,70,PT06M22.00S,1,0,,1610612740,,,0,0,0,,0,,,0,h,PELICANS Timeout: Regular (Full 1 Short 0),Timeout,Regular,0,0,54,55,53
0022300616,71,PT06M22.00S,1,1610612740,NOP,1629627,Williamson,Z. Williamson,0,0,0,,0,,,0,h,SUB: Nance Jr. FOR Williamson,Substitution,,0,0,55,55,54
0022300616,72,PT06M22.00S,1,1610612740,NOP,202685,Valančiūnas,J. Valančiūnas,0,0,0,,0,,,0,h,SUB: Murphy III FOR Valanciunas,Substitution,,0,0,56,55,55
0022300616,73,PT06M22.00S,1,1610612762,UTA,1628381,Collins,J. Collins,0,0,0,,0,,,0,v,SUB: Kessler FOR Collins,Substitution,,0,0,57,55,56
0022300616,74,PT06M22.00S,1,1610612762,UTA,1627739,Dunn,K. Dunn,0,0,0,,0,,,0,v,SUB: Clarkson FOR Dunn,Substitution,,0,0,58,55,57
0022300616,71,PT06M22.00S,1,1610612740,NOP,1629627,Williamson,Z. Williamson,0,0,0,,0,,,0,h,SUB: Nance Jr. FOR Williamson,Substitution,,0,0,55,56,54
0022300616,72,PT06M22.00S,1,1610612740,NOP,202685,Valančiūnas,J. Valančiūnas,0,0,0,,0,,,0,h,SUB: Murphy III FOR Valanciunas,Substitution,,0,0,56,56,55
0022300616,73,PT06M22.00S,1,1610612762,UTA,1628381,Collins,J. Collins,0,0,0,,0,,,0,v,SUB: Kessler FOR Collins,Substitution,,0,0,57,56,56
0022300616,74,PT06M22.00S,1,1610612762,UTA,1627739,Dunn,K. Dunn,0,0,0,,0,,,0,v,SUB: Clarkson FOR Dunn,Substitution,,0,0,58,56,57
0022300616,79,PT06M07.00S,1,1610612762,UTA,1631117,Kessler,W. Kessler,0,0,0,,0,,,0,v,Kessler S.FOUL (P1.T3) (J.Schroeder),Foul,Shooting,1,0,59,56,58
0022300616,72,PT06M22.00S,1,1610612740,NOP,202685,Valančiūnas,J. Valančiūnas,0,0,0,,0,,,0,h,SUB: Murphy III FOR Valanciunas,Substitution,,0,0,56,57,55
0022300616,73,PT06M22.00S,1,1610612762,UTA,1628381,Collins,J. Collins,0,0,0,,0,,,0,v,SUB: Kessler FOR Collins,Substitution,,0,0,57,57,56
0022300616,74,PT06M22.00S,1,1610612762,UTA,1627739,Dunn,K. Dunn,0,0,0,,0,,,0,v,SUB: Clarkson FOR Dunn,Substitution,,0,0,58,57,57
0022300616,79,PT06M07.00S,1,1610612762,UTA,1631117,Kessler,W. Kessler,0,0,0,,0,,,0,v,Kessler S.FOUL (P1.T3) (J.Schroeder),Foul,Shooting,1,0,59,57,58
0022300616,81,PT06M07.00S,1,1610612740,NOP,1630529,Jones,H. Jones,0,0,0,,0,18,14,32,h,Jones Free Throw 1 of 2 (4 PTS),Free Throw,Free Throw 1 of 2,1,0,60,57,59
0022300616,102,PT04M14.00S,1,1610612740,NOP,203468,McCollum,C. McCollum,-121,229,26,Made,1,27,19,46,h,McCollum 26' 3PT Jump Shot (11 PTS) (Jones 2 AST),Made Shot,Jump Shot,1,3,80,81,79
0022300616,104,PT04M13.00S,1,0,,1610612762,,,0,0,0,,0,,,0,v,Jazz Timeout: Regular (Reg.1 Short 0),Timeout,Regular,0,0,81,81,80
0022300616,105,PT04M13.00S,1,1610612740,NOP,1630529,Jones,H. Jones,0,0,0,,0,,,0,h,SUB: Marshall FOR Jones,Substitution,,0,0,82,81,81
0022300616,107,PT03M55.00S,1,1610612762,UTA,1628374,Markkanen,L. Markkanen,-4,18,2,Missed,1,,,0,v,MISS Markkanen 2' Layup,Missed Shot,Layup Shot,1,2,83,81,82
0022300616,108,PT03M50.00S,1,1610612740,NOP,1626204,Nance Jr.,L. Nance Jr.,0,0,0,,0,,,0,h,Nance Jr. REBOUND (Off:0 Def:2),Rebound,Unknown,1,0,84,81,83
0022300616,115,PT03M16.00S,1,1610612740,NOP,1627742,Ingram,B. Ingram,-17,3,2,Made,1,29,19,48,h,Ingram 2' Driving Layup (6 PTS),Made Shot,Driving Layup Shot,1,2,89,90,88
0022300616,116,PT02M59.00S,1,1610612740,NOP,203468,McCollum,C. McCollum,0,0,0,,0,,,0,h,McCollum P.FOUL (P1.T2) (Z.Zarba),Foul,Personal,1,0,90,90,89
0022300616,118,PT02M59.00S,1,1610612740,NOP,203468,McCollum,C. McCollum,0,0,0,,0,,,0,h,SUB: Williamson FOR McCollum,Substitution,,0,0,91,90,90
0022300616,119,PT02M59.00S,1,1610612740,NOP,1627742,Ingram,B. Ingram,0,0,0,,0,,,0,h,SUB: Hawkins FOR Ingram,Substitution,,0,0,92,90,91
0022300616,120,PT02M59.00S,1,1610612762,UTA,1629012,Sexton,C. Sexton,0,0,0,,0,,,0,v,SUB: Agbaji FOR Sexton,Substitution,,0,0,93,90,92
0022300616,116,PT02M59.00S,1,1610612740,NOP,203468,McCollum,C. McCollum,0,0,0,,0,,,0,h,McCollum P.FOUL (P1.T2) (Z.Zarba),Foul,Personal,1,0,90,91,89
0022300616,118,PT02M59.00S,1,1610612740,NOP,203468,McCollum,C. McCollum,0,0,0,,0,,,0,h,SUB: Williamson FOR McCollum,Substitution,,0,0,91,91,90
0022300616,119,PT02M59.00S,1,1610612740,NOP,1627742,Ingram,B. Ingram,0,0,0,,0,,,0,h,SUB: Hawkins FOR Ingram,Substitution,,0,0,92,91,91
0022300616,120,PT02M59.00S,1,1610612762,UTA,1629012,Sexton,C. Sexton,0,0,0,,0,,,0,v,SUB: Agbaji FOR Sexton,Substitution,,0,0,93,91,92
0022300616,121,PT02M59.00S,1,1610612762,UTA,1631323,Fontecchio,S. Fontecchio,0,0,0,,0,,,0,v,SUB: Olynyk FOR Fontecchio,Substitution,,0,0,94,91,93
0022300616,118,PT02M59.00S,1,1610612740,NOP,203468,McCollum,C. McCollum,0,0,0,,0,,,0,h,SUB: Williamson FOR McCollum,Substitution,,0,0,91,92,90
0022300616,119,PT02M59.00S,1,1610612740,NOP,1627742,Ingram,B. Ingram,0,0,0,,0,,,0,h,SUB: Hawkins FOR Ingram,Substitution,,0,0,92,92,91
0022300616,120,PT02M59.00S,1,1610612762,UTA,1629012,Sexton,C. Sexton,0,0,0,,0,,,0,v,SUB: Agbaji FOR Sexton,Substitution,,0,0,93,92,92
0022300616,121,PT02M59.00S,1,1610612762,UTA,1631323,Fontecchio,S. Fontecchio,0,0,0,,0,,,0,v,SUB: Olynyk FOR Fontecchio,Substitution,,0,0,94,92,93
0022300616,122,PT02M59.00S,1,1610612762,UTA,1628374,Markkanen,L. Markkanen,0,0,0,,0,,,0,v,SUB: George FOR Markkanen,Substitution,,0,0,95,92,94
0022300616,119,PT02M59.00S,1,1610612740,NOP,1627742,Ingram,B. Ingram,0,0,0,,0,,,0,h,SUB: Hawkins FOR Ingram,Substitution,,0,0,92,93,91
0022300616,120,PT02M59.00S,1,1610612762,UTA,1629012,Sexton,C. Sexton,0,0,0,,0,,,0,v,SUB: Agbaji FOR Sexton,Substitution,,0,0,93,93,92
0022300616,121,PT02M59.00S,1,1610612762,UTA,1631323,Fontecchio,S. Fontecchio,0,0,0,,0,,,0,v,SUB: Olynyk FOR Fontecchio,Substitution,,0,0,94,93,93
0022300616,122,PT02M59.00S,1,1610612762,UTA,1628374,Markkanen,L. Markkanen,0,0,0,,0,,,0,v,SUB: George FOR Markkanen,Substitution,,0,0,95,93,94
0022300616,128,PT02M45.00S,1,1610612762,UTA,203903,Clarkson,J. Clarkson,131,122,18,Made,1,29,21,50,v,Clarkson 18' Pullup Jump Shot (2 PTS),Made Shot,Pullup Jump shot,1,2,96,93,95
0022300616,120,PT02M59.00S,1,1610612762,UTA,1629012,Sexton,C. Sexton,0,0,0,,0,,,0,v,SUB: Agbaji FOR Sexton,Substitution,,0,0,93,94,92
0022300616,121,PT02M59.00S,1,1610612762,UTA,1631323,Fontecchio,S. Fontecchio,0,0,0,,0,,,0,v,SUB: Olynyk FOR Fontecchio,Substitution,,0,0,94,94,93
0022300616,122,PT02M59.00S,1,1610612762,UTA,1628374,Markkanen,L. Markkanen,0,0,0,,0,,,0,v,SUB: George FOR Markkanen,Substitution,,0,0,95,94,94
0022300616,128,PT02M45.00S,1,1610612762,UTA,203903,Clarkson,J. Clarkson,131,122,18,Made,1,29,21,50,v,Clarkson 18' Pullup Jump Shot (2 PTS),Made Shot,Pullup Jump shot,1,2,96,94,95
0022300616,130,PT02M31.00S,1,1610612740,NOP,1629627,Williamson,Z. Williamson,-22,5,2,Missed,1,,,0,h,MISS Williamson 2' Driving Layup,Missed Shot,Driving Layup Shot,1,2,97,94,96
0022300616,185,PT09M59.00S,2,1610612740,NOP,1629627,Williamson,Z. Williamson,4,8,1,Made,1,45,33,78,h,Williamson 1' Running Alley Oop Dunk Shot (6 PTS) (Daniels 1 AST),Made Shot,Running Alley Oop Dunk Shot,1,2,133,134,132
0022300616,187,PT09M58.00S,2,0,,1610612762,,,0,0,0,,0,,,0,v,Jazz Timeout: Regular (Reg.2 Short 0),Timeout,Regular,0,0,134,134,133
0022300616,188,PT09M58.00S,2,1610612762,UTA,1641718,George,K. George,0,0,0,,0,,,0,v,SUB: Dunn FOR George,Substitution,,0,0,135,134,134
0022300616,190,PT09M43.00S,2,1610612740,NOP,203468,McCollum,C. McCollum,0,0,0,,0,,,0,h,McCollum P.FOUL (P2.T1) (Z.Zarba),Foul,Personal,1,0,136,134,135
0022300616,192,PT09M32.00S,2,1610612762,UTA,1627739,Dunn,K. Dunn,229,41,0,Missed,1,,,0,v,MISS Dunn 3PT Jump Shot,Missed Shot,Jump Shot,1,3,137,134,136
0022300616,199,PT08M53.00S,2,1610612740,NOP,203468,McCollum,C. McCollum,0,0,0,,0,,,0,h,McCollum REBOUND (Off:1 Def:3),Rebound,Unknown,1,0,143,144,142
0022300616,200,PT08M49.00S,2,1610612762,UTA,203482,Olynyk,K. Olynyk,0,0,0,,0,,,0,v,Olynyk P.FOUL (P1.T1) (Z.Zarba),Foul,Personal,1,0,144,144,143
0022300616,202,PT08M49.00S,2,1610612762,UTA,1631117,Kessler,W. Kessler,0,0,0,,0,,,0,v,SUB: Markkanen FOR Kessler,Substitution,,0,0,145,144,144
0022300616,204,PT08M32.00S,2,1610612740,NOP,202685,Valančiūnas,J. Valančiūnas,5,34,3,Made,1,50,33,83,h,Valanciunas 3' Driving Layup (8 PTS),Made Shot,Driving Layup Shot,1,2,146,144,145
0022300616,205,PT08M24.00S,2,1610612762,UTA,1628374,Markkanen,L. Markkanen,-22,274,27,Made,1,50,36,86,v,Markkanen 27' 3PT Jump Shot (7 PTS) (Dunn 3 AST),Made Shot,Jump Shot,1,3,147,144,146
