gameId,actionNumber,actionId,period,clock,teamId,teamTricode,personId,playerName,description,actionType,subType
0022500616,83,62,1,PT04M32.00S,1610612750,MIN,1628978,DiVincenzo,SUB: Conley FOR DiVincenzo,Substitution,
0022500616,84,63,1,PT04M32.00S,1610612750,MIN,203944,Randle,SUB: Reid FOR Randle,Substitution,
0022500616,87,64,1,PT04M32.00S,1610612762,UTA,1629004,Mykhailiuk,SUB: Filipowski FOR Mykhailiuk,Substitution,
0022500616,88,65,1,PT04M32.00S,1610612762,UTA,1642846,Bailey,SUB: Collier FOR Bailey,Substitution,
0022500616,89,66,1,PT04M32.00S,1610612762,UTA,203994,Nurkić,SUB: Anderson FOR Nurkic,Substitution,
0022500616,99,72,1,PT04M00.00S,1610612750,MIN,1630183,McDaniels,SUB: Clark FOR McDaniels,Substitution,
0022500616,111,82,1,PT03M02.00S,1610612750,MIN,203497,Gobert,SUB: Randle FOR Gobert,Substitution,
0022500616,175,122,2,PT09M16.00S,1610612762,UTA,1629004,Mykhailiuk,SUB: Clayton Jr. FOR Mykhailiuk,Substitution,
0022500616,176,123,2,PT09M16.00S,1610612750,MIN,201144,Conley,SUB: Hyland FOR Conley,Substitution,
0022500616,200,138,2,PT07M42.00S,1610612762,UTA,1642268,Collier,SUB: Williams FOR Collier,Substitution,
0022500616,201,139,2,PT07M42.00S,1610612762,UTA,1642846,Bailey,SUB: George FOR Bailey,Substitution,
0022500616,212,145,2,PT07M26.00S,1610612762,UTA,203937,Anderson,SUB: Nurkic FOR Anderson,Substitution,
0022500616,216,147,2,PT07M15.00S,1610612750,MIN,1642866,Beringer,SUB: Gobert FOR Beringer,Substitution,
0022500616,229,156,2,PT06M23.00S,1610612750,MIN,1630183,McDaniels,SUB: Randle FOR McDaniels,Substitution,
0022500616,230,157,2,PT06M23.00S,1610612750,MIN,1629675,Reid,SUB: Edwards FOR Reid,Substitution,
0022500616,253,175,2,PT04M52.00S,1610612750,MIN,1630538,Hyland,SUB: Clark FOR Hyland,Substitution,
0022500616,269,187,2,PT03M37.00S,1610612750,MIN,1628978,DiVincenzo,SUB: McDaniels FOR DiVincenzo,Substitution,
0022500616,280,197,2,PT02M51.00S,1610612762,UTA,1642262,Williams,SUB: Bailey FOR Williams,Substitution,
0022500616,307,219,2,PT00M29.90S,1610612762,UTA,1642271,Filipowski,SUB: Mykhailiuk FOR Filipowski,Substitution,
0022500616,384,279,3,PT07M46.00S,1610612750,MIN,203944,Randle,SUB: Reid FOR Randle,Substitution,
0022500616,408,297,3,PT05M27.00S,1610612762,UTA,1629004,Mykhailiuk,SUB: Collier FOR Mykhailiuk,Substitution,
0022500616,409,298,3,PT05M27.00S,1610612762,UTA,1642846,Bailey,SUB: Filipowski FOR Bailey,Substitution,
0022500616,410,299,3,PT05M27.00S,1610612762,UTA,203994,Nurkić,SUB: Anderson FOR Nurkic,Substitution,
0022500616,411,300,3,PT05M27.00S,1610612750,MIN,1628978,DiVincenzo,SUB: Randle FOR DiVincenzo,Substitution,
0022500616,412,301,3,PT05M27.00S,1610612750,MIN,203497,Gobert,SUB: Conley FOR Gobert,Substitution,
0022500616,443,322,3,PT02M55.00S,1610612750,MIN,1630183,McDaniels,SUB: Clark FOR McDaniels,Substitution,
0022500616,479,350,3,PT00M18.00S,1610612750,MIN,201144,Conley,SUB: Beringer FOR Conley,Substitution,
0022500616,543,390,4,PT08M49.00S,1610612750,MIN,1630183,McDaniels,SUB: Clark FOR McDaniels,Substitution,
0022500616,544,391,4,PT08M49.00S,1610612750,MIN,201144,Conley,SUB: Edwards FOR Conley,Substitution,
0022500616,561,403,4,PT07M47.00S,1610612762,UTA,1642383,Clayton Jr.,SUB: George FOR Clayton Jr.,Substitution,
0022500616,571,411,4,PT07M21.00S,1610612750,MIN,203497,Gobert,SUB: Randle FOR Gobert,Substitution,
0022500616,598,433,4,PT05M25.00S,1610612762,UTA,203994,Nurkić,SUB: Anderson FOR Nurkic,Substitution,
0022500616,599,434,4,PT05M25.00S,1610612750,MIN,1628978,DiVincenzo,SUB: McDaniels FOR DiVincenzo,Substitution,
0022500616,613,446,4,PT04M02.00S,1610612750,MIN,1641740,Clark,SUB: DiVincenzo FOR Clark,Substitution,
0022500616,641,460,4,PT02M44.00S,1610612762,UTA,203937,Anderson,SUB: Nurkic FOR Anderson,Substitution,
0022500616,642,461,4,PT02M44.00S,1610612750,MIN,1629675,Reid,SUB: Gobert FOR Reid,Substitution,
0022500616,670,491,4,PT00M52.60S,1610612750,MIN,203497,Gobert,SUB: Reid FOR Gobert,Substitution,
