player_id,team_id,player_name,normalized_name,official_minutes,reconstructed_minutes,minute_error,abs_minute_error
1630162,1610612750,Anthony Edwards,anthony edwards,39.2,39.2,0.0,0.0
1630183,1610612750,Jaden McDaniels,jaden mcdaniels,34.916666666666664,34.916666666666664,0.0,0.0
203944,1610612750,Julius Randle,julius randle,33.916666666666664,33.916666666666664,0.0,0.0
1628978,1610612750,Donte DiVincenzo,donte divincenzo,33.016666666666666,33.016666666666666,0.0,0.0
203497,1610612750,Rudy Gobert,rudy gobert,29.266666666666666,29.273333333333333,0.006666666666667709,0.006666666666667709
1629675,1610612750,Naz Reid,naz reid,28.066666666666666,28.06,-0.006666666666667709,0.006666666666667709
1641740,1610612750,Jaylen Clark,jaylen clark,16.566666666666666,16.566666666666666,0.0,0.0
201144,1610612750,Mike Conley,mike conley,15.6,15.6,0.0,0.0
1642866,1610612750,Joan Beringer,joan beringer,5.05,5.05,0.0,0.0
1630538,1610612750,Bones Hyland,bones hyland,4.4,4.4,0.0,0.0
1642265,1610612750,Rob Dillingham,rob dillingham,0.0,0.0,0.0,0.0
1642402,1610612750,Enrique Freeman,enrique freeman,0.0,0.0,0.0,0.0
204060,1610612750,Joe Ingles,joe ingles,0.0,0.0,0.0,0.0
1630548,1610612750,Johnny Juzang,johnny juzang,0.0,0.0,0.0,0.0
1631159,1610612750,Leonard Miller,leonard miller,0.0,0.0,0.0,0.0
1641718,1610612762,Keyonte George,keyonte george,39.483333333333334,24.0,-15.483333333333334,15.483333333333334
1642271,1610612762,Kyle Filipowski,kyle filipowski,33.483333333333334,9.983333333333333,-23.5,23.5
1642846,1610612762,Ace Bailey,ace bailey,33.166666666666664,14.016666666666667,-19.15,19.15
203994,1610612762,Jusuf Nurkić,jusuf nurkic,30.766666666666666,14.016666666666667,-16.75,16.75
1642262,1610612762,Cody Williams,cody williams,28.85,24.0,-4.850000000000001,4.850000000000001
1642268,1610612762,Isaiah Collier,isaiah collier,26.283333333333335,9.983333333333333,-16.300000000000004,16.300000000000004
1629004,1610612762,Svi Mykhailiuk,svi mykhailiuk,17.25,14.016666666666667,-3.2333333333333325,3.2333333333333325
203937,1610612762,Kyle Anderson,kyle anderson,17.233333333333334,9.983333333333333,-7.250000000000002,7.250000000000002
1642383,1610612762,Walter Clayton Jr.,walter clayton,13.483333333333333,0.0,-13.483333333333333,13.483333333333333
1641707,1610612762,Taylor Hendricks,taylor hendricks,0.0,0.0,0.0,0.0
201567,1610612762,Kevin Love,kevin love,0.0,0.0,0.0,0.0
1627777,1610612762,Georges Niang,georges niang,0.0,0.0,0.0,0.0
