player_id,team_id,player_name,normalized_name,official_minutes,starter_field,starter_raw,is_game_starter,constraint_reconstructed_minutes,minute_error,abs_minute_error
1627827,1610612742,Dorian Finney-Smith,dorian finney smith,38.28333333333333,position,F,True,33.28333333333333,-5.0,5.0
1628382,1610612742,Justin Jackson,justin jackson,28.816666666666666,position,F,True,28.82,0.0033333333333338544,0.0033333333333338544
203939,1610612742,Dwight Powell,dwight powell,37.916666666666664,position,C,True,33.3,-4.616666666666667,4.616666666666667
200826,1610612742,J.J. Barea,j j barea,32.56666666666667,position,G,True,29.033333333333335,-3.533333333333335,3.533333333333335
1629029,1610612742,Luka Dončić,luka doncic,43.03333333333333,position,G,True,38.03333333333333,-5.0,5.0
1628467,1610612742,Maxi Kleber,maxi kleber,34.516666666666666,position,,False,29.516666666666666,-5.0,5.0
203552,1610612742,Seth Curry,seth curry,25.616666666666667,position,,False,23.813333333333333,-1.8033333333333346,1.8033333333333346
1626153,1610612742,Delon Wright,delon wright,6.55,position,,False,6.55,0.0,0.0
1626246,1610612742,Boban Marjanović,boban marjanovic,3.216666666666667,position,,False,3.216666666666667,0.0,0.0
1628973,1610612742,Jalen Brunson,jalen brunson,14.433333333333334,position,,False,14.433333333333334,0.0,0.0
1629729,1610612742,Josh Reaves,josh reaves,0.05,position,,False,0.0,-0.05,0.05
201584,1610612742,Courtney Lee,courtney lee,0.0,position,,False,0.0,0.0,0.0
1628970,1610612766,Miles Bridges,miles bridges,35.15,position,F,True,21.485,-13.665,13.665
1629023,1610612766,P.J. Washington,p j washington,38.733333333333334,position,F,True,23.766666666666666,-14.966666666666669,14.966666666666669
202687,1610612766,Bismack Biyombo,bismack biyombo,36.61666666666667,position,C,True,22.615000000000002,-14.001666666666665,14.001666666666665
1628984,1610612766,Devonte' Graham,devonte graham,44.15,position,G,True,30.7,-13.45,13.45
1626179,1610612766,Terry Rozier,terry rozier,41.61666666666667,position,G,True,24.616666666666667,-17.0,17.0
1628407,1610612766,Dwayne Bacon,dwayne bacon,24.583333333333332,position,,False,18.833333333333332,-5.75,5.75
1628370,1610612766,Malik Monk,malik monk,14.25,position,,False,12.365,-1.8849999999999998,1.8849999999999998
101107,1610612766,Marvin Williams,marvin williams,15.016666666666667,position,,False,13.083333333333334,-1.9333333333333336,1.9333333333333336
203469,1610612766,Cody Zeller,cody zeller,14.6,position,,False,12.416666666666666,-2.1833333333333336,2.1833333333333336
1628998,1610612766,Cody Martin,cody martin,0.2833333333333333,position,,False,0.1183333333333337,-0.16499999999999962,0.16499999999999962
201587,1610612766,Nicolas Batum,nicolas batum,0.0,position,,False,0.0,0.0,0.0
1626195,1610612766,Willy Hernangomez,willy hernangomez,0.0,position,,False,0.0,0.0,0.0
203077,1610612766,Michael Kidd-Gilchrist,michael kidd gilchrist,0.0,position,,False,0.0,0.0,0.0
