provider_team_id,nba_abbreviation,verification_status,evidence_url,evidence_sha256,reviewed_by
1,ATL,CANDIDATE_INFERRED_FROM_MATCHUPS,,,
2,BOS,CANDIDATE_INFERRED_FROM_MATCHUPS,,,
5,CHI,CANDIDATE_INFERRED_FROM_MATCHUPS,,,
6,CLE,CANDIDATE_INFERRED_FROM_MATCHUPS,,,
7,DAL,CANDIDATE_INFERRED_FROM_MATCHUPS,,,
14,LAL,CANDIDATE_INFERRED_FROM_MATCHUPS,,,
17,MIL,CANDIDATE_INFERRED_FROM_MATCHUPS,,,
18,MIN,CANDIDATE_INFERRED_FROM_MATCHUPS,,,
20,NYK,CANDIDATE_INFERRED_FROM_MATCHUPS,,,
22,ORL,CANDIDATE_INFERRED_FROM_MATCHUPS,,,
23,PHI,CANDIDATE_INFERRED_FROM_MATCHUPS,,,
24,PHX,CANDIDATE_INFERRED_FROM_MATCHUPS,,,
25,POR,CANDIDATE_INFERRED_FROM_MATCHUPS,,,
26,SAC,CANDIDATE_INFERRED_FROM_MATCHUPS,,,
28,TOR,CANDIDATE_INFERRED_FROM_MATCHUPS,,,
30,WAS,CANDIDATE_INFERRED_FROM_MATCHUPS,,,
