PLAYER_ID,PLAYER_NAME,TEAM_ID,TEAM_ABBREVIATION,GP,W,L,MIN,PASSES_MADE,PASSES_RECEIVED,AST,FT_AST,SECONDARY_AST,POTENTIAL_AST,AST_POINTS_CREATED,AST_ADJ,AST_TO_PASS_PCT,AST_TO_PASS_PCT_ADJ
203932,Aaron Gordon,1610612753,ORL,12,5,7,31.5,24.5,28.8,3.2,0.5,0.2,7.1,8.2,3.8,0.129,0.153
1628988,Aaron Holiday,1610612754,IND,10,7,3,21.5,21.5,27.1,2.9,0.2,0.3,5.2,7.0,3.4,0.135,0.158
1627846,Abdel Nader,1610612760,OKC,6,3,3,12.9,8.5,10.8,0.5,0.0,0.0,1.0,1.2,0.5,0.059,0.059
1629678,Admiral Schofield,1610612764,WAS,5,2,3,10.3,6.0,6.2,0.2,0.0,0.0,0.6,0.4,0.2,0.033,0.033
201143,Al Horford,1610612755,PHI,11,6,5,32.0,42.9,41.7,3.9,0.5,0.4,6.5,9.9,4.6,0.091,0.108
202329,Al-Farouq Aminu,1610612753,ORL,12,5,7,20.6,27.3,13.7,0.9,0.3,0.1,2.3,2.7,1.3,0.034,0.049
202692,Alec Burks,1610612755,PHI,10,1,9,25.7,23.4,27.5,2.1,0.3,0.0,2.9,4.2,2.1,0.09,0.09
1627936,Alex Caruso,1610612747,LAL,11,10,1,20.2,29.3,30.5,2.4,0.1,0.2,3.9,5.3,2.5,0.081,0.084
203458,Alex Len,1610612758,SAC,11,4,7,18.6,20.6,15.8,0.9,0.0,0.0,1.8,2.3,0.9,0.044,0.044
1628035,Alfonzo McKinnie,1610612739,CLE,5,2,3,3.4,1.4,0.8,0.0,0.0,0.0,0.2,0.0,0.0,0.0,0.0
1628993,Alize Johnson,1610612754,IND,3,3,0,7.9,7.3,2.7,0.3,0.0,0.0,0.3,0.7,0.3,0.045,0.045
203459,Allen Crabbe,1610612750,MIN,1,0,1,14.8,10.0,9.0,0.0,1.0,0.0,2.0,1.0,1.0,0.0,0.1
1629019,Allonzo Trier,1610612752,NYK,8,1,7,14.6,18.6,24.0,1.5,0.0,0.3,2.5,3.8,1.8,0.081,0.094
1628518,Amile Jefferson,1610612753,ORL,2,1,1,4.4,1.5,0.5,1.0,0.0,0.0,0.0,0.0,0.0,0.667,0.0
203083,Andre Drummond,1610612739,CLE,13,4,9,34.8,46.5,39.2,3.0,0.3,0.2,5.2,7.8,3.5,0.065,0.075
203952,Andrew Wiggins,1610612744,GSW,11,7,4,34.7,40.3,56.1,3.6,0.2,0.3,8.5,9.6,4.1,0.09,0.102
1629014,Anfernee Simons,1610612757,POR,12,4,8,21.6,18.6,23.5,1.2,0.2,0.0,2.1,3.1,1.4,0.063,0.076
203076,Anthony Davis,1610612747,LAL,11,9,2,35.3,40.0,44.8,3.2,0.2,0.3,6.3,7.9,3.6,0.08,0.091
201229,Anthony Tolliver,1610612763,MEM,11,4,7,17.6,16.5,11.2,0.7,0.1,0.1,2.4,2.2,0.9,0.044,0.055
203382,Aron Baynes,1610612756,PHX,11,7,4,23.8,26.4,25.3,2.9,0.0,0.1,3.9,7.5,3.0,0.11,0.114
203085,Austin Rivers,1610612745,HOU,12,9,3,22.2,18.7,18.4,1.3,0.3,0.3,3.0,3.5,1.8,0.067,0.094
202340,Avery Bradley,1610612747,LAL,10,8,2,27.4,24.2,27.0,1.8,0.0,0.4,2.6,3.9,2.2,0.074,0.091
1628389,Bam Adebayo,1610612748,MIA,11,8,3,32.2,36.8,34.6,4.6,0.3,0.2,7.4,11.5,5.1,0.126,0.138
203463,Ben McLemore,1610612745,HOU,12,9,3,17.5,12.1,11.7,0.8,0.0,0.0,1.2,2.2,0.8,0.062,0.062
1627732,Ben Simmons,1610612755,PHI,10,6,4,33.9,71.2,68.4,6.7,0.6,0.9,14.2,16.5,7.7,0.094,0.108
202687,Bismack Biyombo,1610612766,CHA,10,3,7,13.3,14.7,8.8,0.8,0.1,0.1,1.1,1.5,0.8,0.054,0.054
201933,Blake Griffin,1610612765,DET,2,0,2,26.8,40.0,47.5,6.0,0.0,0.5,8.5,16.0,6.5,0.15,0.163
1626246,Boban Marjanovic,1610612742,DAL,5,3,2,11.8,11.0,10.8,0.8,0.0,0.0,1.0,1.8,0.8,0.073,0.073
1626171,Bobby Portis Jr.,1610612752,NYK,12,3,9,23.3,33.9,24.9,1.3,0.2,0.3,3.2,3.5,1.8,0.039,0.052
203992,Bogdan Bogdanović,1610612758,SAC,11,4,7,26.6,29.3,35.0,4.1,0.3,0.5,6.4,10.2,4.8,0.14,0.165
202711,Bojan Bogdanovic,1610612762,UTA,11,8,3,32.3,24.6,35.4,1.7,0.5,0.4,3.4,5.1,2.5,0.07,0.103
202954,Brad Wanamaker,1610612738,BOS,11,10,1,13.6,19.7,19.5,2.2,0.0,0.1,2.9,4.7,2.0,0.111,0.101
203078,Bradley Beal,1610612764,WAS,10,3,7,36.2,47.1,65.3,6.8,0.4,1.1,11.8,15.0,8.0,0.144,0.17
1629634,Brandon Clarke,1610612763,MEM,11,5,6,21.7,29.6,22.5,1.0,0.5,0.2,2.7,3.1,1.6,0.034,0.055
1627742,Brandon Ingram,1610612740,NOP,9,2,7,32.1,38.6,44.9,3.9,0.2,1.1,6.1,10.1,5.2,0.101,0.135
202688,Brandon Knight,1610612765,DET,3,0,3,12.7,18.0,22.7,2.3,0.3,0.0,4.0,7.3,2.7,0.13,0.148
1628968,Brian Bowen II,1610612754,IND,1,1,0,2.6,1.0,2.0,0.0,0.0,0.0,0.0,0.0,0.0,0.0,0.0
201572,Brook Lopez,1610612749,MIL,11,8,3,26.7,22.7,24.5,1.5,0.0,0.0,2.7,3.5,1.4,0.064,0.06
1628971,Bruce Brown,1610612765,DET,13,4,9,27.0,41.7,42.6,3.5,0.5,0.4,6.2,9.4,4.4,0.085,0.105
203998,Bruno Caboclo,1610612745,HOU,7,1,6,10.2,11.0,8.7,0.6,0.0,0.1,1.3,1.1,0.7,0.052,0.065
1628981,Bruno Fernando,1610612737,ATL,11,4,7,11.6,14.2,10.6,0.8,0.0,0.0,1.1,2.0,0.8,0.058,0.058
1627854,Bryn Forbes,1610612759,SAS,12,5,7,27.3,16.9,25.7,1.3,0.1,0.1,1.9,3.3,1.5,0.079,0.089
1627741,Buddy Hield,1610612758,SAC,11,4,7,31.5,28.4,38.8,1.6,0.2,0.5,2.8,4.2,2.3,0.058,0.08
203468,CJ McCollum,1610612757,POR,12,4,8,37.5,32.7,45.2,3.1,0.4,0.3,6.6,8.6,3.8,0.094,0.117
101139,CJ Miles,1610612764,WAS,5,2,3,16.8,10.0,14.4,1.2,0.0,0.2,1.4,2.4,1.2,0.12,0.12
1628997,Caleb Martin,1610612766,CHA,3,0,3,8.3,5.3,8.0,1.0,0.0,0.0,1.3,2.0,1.0,0.188,0.188
1628403,Caleb Swanigan,1610612757,POR,4,1,3,2.8,1.8,1.5,0.0,0.0,0.0,0.0,0.0,0.0,0.0,0.0
1629629,Cam Reddish,1610612737,ATL,11,4,7,23.3,19.5,23.1,1.7,0.2,0.0,3.4,4.2,1.9,0.089,0.098
1629661,Cameron Johnson,1610612756,PHX,9,6,3,16.5,12.9,12.9,0.7,0.0,0.2,1.3,2.0,0.9,0.052,0.069
1627747,Caris LeVert,1610612751,BKN,9,4,5,31.6,24.6,36.1,4.0,0.4,0.4,6.3,8.2,4.1,0.163,0.167
