PLAYER_ID,PLAYER_NAME,TEAM_ID,TEAM_ABBREVIATION,GP,W,L,MIN,TOUCHES,PAINT_TOUCHES,PAINT_TOUCH_FGM,PAINT_TOUCH_FGA,PAINT_TOUCH_FG_PCT,PAINT_TOUCH_FTM,PAINT_TOUCH_FTA,PAINT_TOUCH_FT_PCT,PAINT_TOUCH_PTS,PAINT_TOUCH_PTS_PCT,PAINT_TOUCH_PASSES,PAINT_TOUCH_PASSES_PCT,PAINT_TOUCH_AST,PAINT_TOUCH_AST_PCT,PAINT_TOUCH_TOV,PAINT_TOUCH_TOV_PCT,PAINT_TOUCH_FOULS,PAINT_TOUCH_FOULS_PCT
203932,Aaron Gordon,1610612753,ORL,12,5,7,31.5,41.0,4.5,2.1,3.0,0.694,0.2,0.3,0.5,4.4,0.981,0.8,0.185,0.3,0.074,0.3,0.056,0.2,0.037
1628988,Aaron Holiday,1610612754,IND,10,7,3,21.5,32.0,0.4,0.1,0.2,0.5,0.0,0.0,0.0,0.2,0.5,0.2,0.5,0.1,0.25,0.0,0.0,0.0,0.0
1627846,Abdel Nader,1610612760,OKC,6,3,3,12.9,14.7,0.3,0.0,0.0,0.0,0.0,0.0,0.0,0.0,0.0,0.3,1.0,0.0,0.0,0.0,0.0,0.0,0.0
1629678,Admiral Schofield,1610612764,WAS,5,2,3,10.3,8.8,0.6,0.0,0.0,0.0,0.0,0.0,0.0,0.0,0.0,0.4,0.667,0.0,0.0,0.2,0.333,0.0,0.0
201143,Al Horford,1610612755,PHI,11,6,5,32.0,59.3,4.6,1.6,2.1,0.783,0.6,0.9,0.7,4.0,0.863,2.0,0.431,0.5,0.098,0.0,0.0,0.5,0.098
202329,Al-Farouq Aminu,1610612753,ORL,12,5,7,20.6,34.6,1.8,0.4,1.1,0.385,0.3,0.5,0.5,1.1,0.619,0.3,0.143,0.0,0.0,0.0,0.0,0.3,0.143
202692,Alec Burks,1610612755,PHI,10,1,9,25.7,36.9,1.4,0.5,0.8,0.625,0.4,0.4,1.0,1.5,1.071,0.4,0.286,0.0,0.0,0.0,0.0,0.2,0.143
1627936,Alex Caruso,1610612747,LAL,11,10,1,20.2,37.3,0.5,0.3,0.4,0.75,0.0,0.0,0.0,0.5,1.0,0.2,0.333,0.0,0.0,0.0,0.0,0.0,0.0
203458,Alex Len,1610612758,SAC,11,4,7,18.6,28.8,4.1,1.4,2.2,0.625,0.9,1.1,0.833,3.6,0.889,0.5,0.133,0.1,0.022,0.5,0.133,0.5,0.133
1628035,Alfonzo McKinnie,1610612739,CLE,5,2,3,3.4,1.8,0.0,0.0,0.0,0.0,0.0,0.0,0.0,0.0,0.0,0.0,0.0,0.0,0.0,0.0,0.0,0.0,0.0
1628993,Alize Johnson,1610612754,IND,3,3,0,7.9,8.3,1.0,0.3,0.7,0.5,0.0,0.0,0.0,0.7,0.667,0.3,0.333,0.0,0.0,0.0,0.0,0.0,0.0
203459,Allen Crabbe,1610612750,MIN,1,0,1,14.8,14.0,0.0,0.0,0.0,0.0,0.0,0.0,0.0,0.0,0.0,0.0,0.0,0.0,0.0,0.0,0.0,0.0,0.0
1629019,Allonzo Trier,1610612752,NYK,8,1,7,14.6,27.6,0.1,0.0,0.1,0.0,0.0,0.0,0.0,0.0,0.0,0.0,0.0,0.0,0.0,0.0,0.0,0.0,0.0
1628518,Amile Jefferson,1610612753,ORL,2,1,1,4.4,2.0,0.5,0.5,0.5,1.0,0.0,0.0,0.0,1.0,2.0,0.0,0.0,0.0,0.0,0.0,0.0,0.0,0.0
203083,Andre Drummond,1610612739,CLE,13,4,9,34.8,69.5,12.2,4.8,8.0,0.606,1.2,1.8,0.625,11.0,0.905,1.2,0.101,0.3,0.025,1.2,0.101,0.9,0.076
203952,Andrew Wiggins,1610612744,GSW,11,7,4,34.7,68.1,2.8,0.7,1.5,0.471,0.5,0.7,0.75,2.1,0.742,0.5,0.161,0.0,0.0,0.1,0.032,0.4,0.129
1629014,Anfernee Simons,1610612757,POR,12,4,8,21.6,30.9,0.3,0.2,0.3,0.667,0.0,0.0,0.0,0.3,1.0,0.0,0.0,0.0,0.0,0.0,0.0,0.0,0.0
203076,Anthony Davis,1610612747,LAL,11,9,2,35.3,65.9,7.8,3.8,5.5,0.7,1.2,1.3,0.929,9.0,1.151,1.2,0.151,0.0,0.0,0.5,0.058,0.5,0.058
201229,Anthony Tolliver,1610612763,MEM,11,4,7,17.6,21.5,0.9,0.2,0.5,0.333,0.1,0.2,0.5,0.5,0.5,0.3,0.3,0.0,0.0,0.0,0.0,0.1,0.1
203382,Aron Baynes,1610612756,PHX,11,7,4,23.8,38.0,5.6,2.8,4.1,0.689,0.4,0.5,0.667,6.2,1.097,0.8,0.145,0.2,0.032,0.2,0.032,0.3,0.048
203085,Austin Rivers,1610612745,HOU,12,9,3,22.2,26.8,0.7,0.2,0.3,0.667,0.0,0.0,0.0,0.3,0.5,0.4,0.625,0.0,0.0,0.0,0.0,0.0,0.0
202340,Avery Bradley,1610612747,LAL,10,8,2,27.4,34.7,1.2,0.6,0.7,0.857,0.0,0.0,0.0,1.3,1.083,0.5,0.417,0.2,0.167,0.0,0.0,0.0,0.0
1628389,Bam Adebayo,1610612748,MIA,11,8,3,32.2,52.5,8.2,2.6,4.1,0.644,1.5,2.2,0.667,6.7,0.822,1.6,0.2,0.3,0.033,0.9,0.111,1.1,0.133
203463,Ben McLemore,1610612745,HOU,12,9,3,17.5,18.8,0.0,0.0,0.0,0.0,0.0,0.0,0.0,0.0,0.0,0.0,0.0,0.0,0.0,0.0,0.0,0.0,0.0
1627732,Ben Simmons,1610612755,PHI,10,6,4,33.9,90.2,5.2,2.1,3.1,0.677,0.4,0.6,0.667,4.7,0.904,1.2,0.231,0.4,0.077,0.2,0.038,0.3,0.058
202687,Bismack Biyombo,1610612766,CHA,10,3,7,13.3,19.4,4.8,1.6,2.5,0.64,0.6,1.2,0.5,3.9,0.813,1.5,0.313,0.3,0.063,0.2,0.042,0.6,0.125
201933,Blake Griffin,1610612765,DET,2,0,2,26.8,63.0,3.0,1.5,2.0,0.75,0.0,0.0,0.0,3.0,1.0,0.0,0.0,0.0,0.0,1.0,0.333,0.0,0.0
1626246,Boban Marjanovic,1610612742,DAL,5,3,2,11.8,18.6,6.4,3.0,4.4,0.682,0.4,0.4,1.0,7.0,1.094,0.8,0.125,0.4,0.063,0.4,0.063,0.2,0.031
1626171,Bobby Portis Jr.,1610612752,NYK,12,3,9,23.3,45.4,4.0,1.2,2.8,0.424,0.4,0.5,0.833,2.8,0.688,0.9,0.229,0.2,0.042,0.0,0.0,0.2,0.042
203992,Bogdan Bogdanović,1610612758,SAC,11,4,7,26.6,45.8,0.2,0.0,0.0,0.0,0.0,0.0,0.0,0.0,0.0,0.2,1.0,0.0,0.0,0.0,0.0,0.0,0.0
202711,Bojan Bogdanovic,1610612762,UTA,11,8,3,32.3,45.2,0.6,0.3,0.5,0.6,0.0,0.0,0.0,0.5,0.857,0.1,0.143,0.0,0.0,0.0,0.0,0.0,0.0
202954,Brad Wanamaker,1610612738,BOS,11,10,1,13.6,25.5,0.5,0.2,0.3,0.667,0.2,0.2,1.0,0.6,1.4,0.1,0.2,0.0,0.0,0.0,0.0,0.1,0.2
203078,Bradley Beal,1610612764,WAS,10,3,7,36.2,79.7,1.3,0.5,0.9,0.556,0.0,0.0,0.0,1.0,0.769,0.4,0.308,0.0,0.0,0.0,0.0,0.0,0.0
1629634,Brandon Clarke,1610612763,MEM,11,5,6,21.7,40.0,4.2,2.0,3.2,0.629,0.2,0.2,1.0,4.4,1.043,0.9,0.217,0.1,0.022,0.0,0.0,0.0,0.0
1627742,Brandon Ingram,1610612740,NOP,9,2,7,32.1,63.0,2.0,0.6,1.2,0.455,0.4,0.4,1.0,1.6,0.778,0.3,0.167,0.1,0.056,0.1,0.056,0.2,0.111
202688,Brandon Knight,1610612765,DET,3,0,3,12.7,25.3,0.3,0.0,0.0,0.0,0.0,0.0,0.0,0.0,0.0,0.3,1.0,0.0,0.0,0.0,0.0,0.0,0.0
1628968,Brian Bowen II,1610612754,IND,1,1,0,2.6,3.0,0.0,0.0,0.0,0.0,0.0,0.0,0.0,0.0,0.0,0.0,0.0,0.0,0.0,0.0,0.0,0.0,0.0
201572,Brook Lopez,1610612749,MIL,11,8,3,26.7,35.1,2.5,1.0,1.6,0.611,0.4,0.4,1.0,2.5,1.0,0.5,0.185,0.0,0.0,0.1,0.037,0.2,0.074
1628971,Bruce Brown,1610612765,DET,13,4,9,27.0,54.2,1.8,0.7,1.2,0.6,0.2,0.3,0.5,1.5,0.833,0.3,0.167,0.0,0.0,0.2,0.083,0.2,0.083
203998,Bruno Caboclo,1610612745,HOU,7,1,6,10.2,15.0,2.6,0.7,1.1,0.625,0.0,0.0,0.0,1.4,0.556,1.1,0.444,0.0,0.0,0.3,0.111,0.0,0.0
1628981,Bruno Fernando,1610612737,ATL,11,4,7,11.6,19.1,3.1,1.4,1.7,0.789,0.3,0.5,0.5,3.0,0.971,0.5,0.176,0.1,0.029,0.5,0.147,0.3,0.088
1627854,Bryn Forbes,1610612759,SAS,12,5,7,27.3,31.2,0.3,0.0,0.2,0.0,0.0,0.0,0.0,0.0,0.0,0.1,0.25,0.0,0.0,0.1,0.25,0.0,0.0
1627741,Buddy Hield,1610612758,SAC,11,4,7,31.5,50.5,1.3,0.2,0.5,0.333,0.2,0.2,1.0,0.5,0.429,0.5,0.357,0.1,0.071,0.2,0.143,0.1,0.071
203468,CJ McCollum,1610612757,POR,12,4,8,37.5,57.6,1.3,0.2,0.7,0.25,0.2,0.2,1.0,0.5,0.4,0.3,0.267,0.1,0.067,0.1,0.067,0.0,0.0
101139,CJ Miles,1610612764,WAS,5,2,3,16.8,18.4,0.8,0.0,0.4,0.0,0.0,0.0,0.0,0.0,0.0,0.2,0.25,0.0,0.0,0.2,0.25,0.0,0.0
1628997,Caleb Martin,1610612766,CHA,3,0,3,8.3,9.3,0.3,0.3,0.3,1.0,0.0,0.0,0.0,0.7,2.0,0.0,0.0,0.0,0.0,0.0,0.0,0.0,0.0
1628403,Caleb Swanigan,1610612757,POR,4,1,3,2.8,3.3,0.8,0.0,0.0,0.0,0.3,0.5,0.5,0.3,0.333,0.5,0.667,0.0,0.0,0.0,0.0,0.0,0.0
1629629,Cam Reddish,1610612737,ATL,11,4,7,23.3,30.9,0.4,0.1,0.1,1.0,0.2,0.2,1.0,0.4,1.0,0.1,0.25,0.0,0.0,0.1,0.25,0.1,0.25
1629661,Cameron Johnson,1610612756,PHX,9,6,3,16.5,20.1,1.0,0.3,0.8,0.429,0.0,0.0,0.0,0.7,0.667,0.1,0.111,0.0,0.0,0.1,0.111,0.0,0.0
1627747,Caris LeVert,1610612751,BKN,9,4,5,31.6,45.0,2.4,0.6,1.2,0.455,0.3,0.4,0.75,1.6,0.636,0.4,0.182,0.0,0.0,0.4,0.182,0.2,0.091
