PLAYER_ID,PLAYER_NAME,TEAM_ID,TEAM_ABBREVIATION,GP,W,L,MIN,POINTS,TOUCHES,FRONT_CT_TOUCHES,TIME_OF_POSS,AVG_SEC_PER_TOUCH,AVG_DRIB_PER_TOUCH,PTS_PER_TOUCH,ELBOW_TOUCHES,POST_TOUCHES,PAINT_TOUCHES,PTS_PER_ELBOW_TOUCH,PTS_PER_POST_TOUCH,PTS_PER_PAINT_TOUCH
1631260,AJ Green,1610612749,MIL,14,8,6,27.3,10.8,35.1,19.4,1.4,2.38,0.86,0.308,0.1,0.0,0.4,0.0,0.0,0.8
1642358,AJ Johnson,1610612742,DAL,7,0,7,5.0,1.0,7.7,3.1,0.5,4.27,4.0,0.13,0.0,0.0,0.0,0.0,0.0,0.0
203932,Aaron Gordon,1610612743,DEN,11,9,2,30.2,19.9,43.9,21.6,2.8,3.88,2.8,0.453,1.1,2.0,5.2,0.667,0.545,0.912
1628988,Aaron Holiday,1610612745,HOU,6,6,0,7.1,3.8,13.5,5.8,0.9,4.21,4.05,0.284,0.0,0.0,0.0,0.0,0.0,0.0
1630174,Aaron Nesmith,1610612754,IND,11,1,10,30.4,15.5,52.3,34.2,3.8,4.36,1.3,0.296,0.7,0.5,1.4,0.0,0.0,0.133
1630598,Aaron Wiggins,1610612760,OKC,9,8,1,27.6,14.8,38.3,24.3,2.2,3.44,2.34,0.386,0.3,0.2,1.4,0.0,0.0,0.462
1642846,Ace Bailey,1610612762,UTA,12,4,8,20.9,8.7,21.9,17.1,0.8,2.25,1.1,0.395,0.1,0.1,2.3,0.0,0.0,0.444
1641737,Adem Bona,1610612755,PHI,12,7,5,14.8,2.2,11.6,6.6,0.4,2.03,0.35,0.187,0.3,0.3,2.6,0.0,0.667,0.29
1642876,Adou Thiero,1610612747,LAL,1,1,0,4.7,4.0,7.0,4.0,0.1,0.93,0.29,0.571,2.0,0.0,0.0,1.0,0.0,0.0
1642349,Ajay Mitchell,1610612760,OKC,14,13,1,28.3,16.7,48.9,23.1,4.5,5.47,4.81,0.342,0.8,0.1,2.0,0.364,0.0,0.571
201143,Al Horford,1610612744,GSW,9,6,3,21.8,5.3,34.7,24.2,0.7,1.19,0.34,0.154,0.9,1.4,1.9,0.25,0.308,0.353
1627936,Alex Caruso,1610612760,OKC,10,10,0,18.3,5.8,24.2,13.1,1.4,3.57,2.07,0.24,1.2,0.1,1.4,0.167,2.0,0.357
1642259,Alex Sarr,1610612764,WAS,12,1,11,29.5,19.1,60.3,39.2,2.4,2.41,0.92,0.316,6.6,2.0,9.0,0.544,0.583,0.676
1630578,Alperen Sengun,1610612745,HOU,11,8,3,36.1,22.4,77.2,48.1,4.3,3.36,1.9,0.29,5.3,7.7,7.2,0.517,0.365,0.392
1642873,Amari Williams,1610612738,BOS,2,0,2,3.4,1.0,5.5,3.5,0.1,1.19,0.55,0.182,0.5,0.0,1.5,0.0,0.0,0.667
1641708,Amen Thompson,1610612745,HOU,11,8,3,35.2,17.7,66.5,24.5,6.4,5.82,4.12,0.267,1.5,0.5,7.3,0.438,0.0,0.725
1629599,Amir Coffey,1610612756,PHX,13,7,6,9.9,1.6,7.1,5.3,0.3,2.34,0.89,0.228,0.0,0.0,0.1,0.0,0.0,0.0
203083,Andre Drummond,1610612755,PHI,11,7,4,21.5,8.0,21.2,12.9,0.5,1.47,0.24,0.378,0.5,0.2,5.1,0.4,0.0,0.571
1641748,Andre Jackson Jr.,1610612749,MIL,6,2,4,3.7,0.0,5.2,3.0,0.2,2.16,1.87,0.0,0.2,0.0,0.2,0.0,0.0,0.0
1629614,Andrew Nembhard,1610612754,IND,6,0,6,28.0,18.0,78.7,30.7,8.4,6.4,3.72,0.229,0.2,0.3,0.2,0.0,0.0,1.0
203952,Andrew Wiggins,1610612748,MIA,13,7,6,32.9,17.5,41.2,29.2,3.2,4.67,1.87,0.425,0.6,2.5,2.8,1.25,0.5,0.568
1629014,Anfernee Simons,1610612741,CHI,13,6,7,25.4,14.5,42.2,21.6,3.3,4.66,3.91,0.342,0.2,0.1,0.4,0.0,0.0,0.0
1641710,Anthony Black,1610612753,ORL,13,7,6,25.7,10.5,43.8,18.9,3.3,4.5,3.17,0.24,0.5,0.1,1.0,0.333,0.0,1.077
203076,Anthony Davis,1610612764,WAS,5,2,3,29.9,20.8,63.4,42.4,3.4,3.25,1.23,0.328,3.0,1.8,8.4,0.8,0.333,0.619
1630162,Anthony Edwards,1610612750,MIN,9,6,3,30.4,27.3,63.8,29.0,8.0,7.57,5.27,0.429,0.9,1.7,1.8,1.25,0.267,0.875
1630264,Anthony Gill,1610612764,WAS,5,0,5,2.7,1.8,2.6,1.8,0.1,3.28,0.85,0.692,0.0,0.2,0.2,0.0,2.0,0.0
1641810,Antonio Reeves,1610612766,CHA,2,0,2,10.5,4.5,6.5,5.5,0.3,3.22,1.15,0.692,0.0,0.0,0.5,0.0,0.0,0.0
1630574,Ariel Hukporti,1610612752,NYK,8,5,3,7.0,1.0,6.1,4.6,0.2,2.18,0.45,0.163,1.1,0.0,1.6,0.222,0.0,0.308
1642854,Asa Newell,1610612737,ATL,7,6,1,10.2,5.6,11.0,7.7,0.7,3.98,0.4,0.506,0.6,0.1,1.7,0.75,0.0,0.667
1641709,Ausar Thompson,1610612765,DET,10,8,2,29.1,13.9,52.5,25.8,4.3,4.88,2.94,0.265,1.9,1.1,5.5,0.368,0.636,0.418
1630559,Austin Reaves,1610612747,LAL,11,8,3,36.3,28.3,78.2,32.5,8.5,6.53,4.4,0.362,1.3,0.2,0.8,1.0,2.0,0.889
1630245,Ayo Dosunmu,1610612750,MIN,9,5,4,25.4,14.9,46.2,27.0,3.4,4.36,3.01,0.322,0.4,0.0,1.7,0.0,0.0,0.267
1628389,Bam Adebayo,1610612748,MIA,8,4,4,30.4,19.9,46.1,28.1,2.5,3.26,1.48,0.431,2.5,2.5,4.6,0.9,0.5,0.865
1631248,Baylor Scheierman,1610612738,BOS,9,5,4,9.1,2.9,8.7,5.0,0.3,2.23,1.37,0.333,0.0,0.0,0.3,0.0,0.0,0.0
1642879,Ben Saraf,1610612751,BKN,7,0,7,13.8,3.3,27.1,9.1,2.1,4.63,4.73,0.121,0.0,0.3,0.9,0.0,0.0,0.0
1641767,Ben Sheppard,1610612754,IND,13,1,12,25.1,6.5,42.6,22.8,2.1,3.0,1.65,0.153,0.2,0.0,0.7,0.0,0.0,0.0
1631097,Bennedict Mathurin,1610612746,LAC,2,0,2,36.4,31.0,67.5,45.0,3.4,3.03,2.5,0.459,0.0,0.5,4.0,0.0,0.0,0.875
1641731,Bilal Coulibaly,1610612764,WAS,4,0,4,23.8,10.5,35.8,18.3,1.6,2.76,1.85,0.294,0.0,0.3,1.8,0.0,0.0,0.571
202687,Bismack Biyombo,1610612759,SAS,5,4,1,8.8,0.4,8.8,4.4,0.3,2.25,0.41,0.045,0.4,0.4,1.0,0.0,0.0,0.4
1631104,Blake Wesley,1610612757,POR,6,4,2,16.3,6.0,32.8,14.7,2.4,4.47,3.16,0.183,0.3,0.0,0.7,0.0,0.0,0.5
1626171,Bobby Portis Jr.,1610612749,MIL,14,8,6,20.4,9.6,33.5,20.0,1.0,1.77,0.67,0.288,1.4,2.9,3.0,0.737,0.39,0.5
1641752,Bobi Klintman,1610612765,DET,6,5,1,8.8,2.8,11.5,7.7,0.5,2.61,0.68,0.246,0.0,0.0,1.2,0.0,0.0,0.0
203992,Bogdan Bogdanović,1610612746,LAC,6,2,4,24.7,9.5,42.3,21.0,4.5,6.39,3.5,0.224,0.3,0.3,0.7,0.0,0.0,0.0
1630538,Bones Hyland,1610612750,MIN,11,7,4,9.1,4.3,18.6,8.1,1.6,5.19,3.24,0.229,0.2,0.0,0.0,1.0,0.0,0.0
203078,Bradley Beal,1610612746,LAC,6,2,4,20.2,8.2,26.7,17.0,1.5,3.29,2.44,0.306,0.2,0.0,1.0,0.0,0.0,1.0
1642382,Branden Carlson,1610612760,OKC,9,8,1,8.4,2.8,8.8,5.9,0.1,0.8,0.11,0.316,0.4,0.2,1.3,1.0,1.0,0.667
1641764,Brandin Podziemski,1610612744,GSW,14,8,6,28.6,11.4,53.4,26.6,4.2,4.73,2.63,0.214,0.5,0.4,1.3,0.286,0.667,0.389
1627742,Brandon Ingram,1610612761,TOR,13,8,5,33.1,20.4,49.0,33.8,3.0,3.65,2.16,0.416,0.9,1.9,2.2,1.0,0.8,0.643
1641706,Brandon Miller,1610612766,CHA,2,1,1,19.9,14.5,33.0,18.0,2.2,4.02,2.61,0.439,0.5,0.0,1.5,0.0,0.0,1.333
1630314,Brandon Williams,1610612742,DAL,11,2,9,19.7,10.2,40.5,16.2,4.2,6.25,5.07,0.251,0.2,0.4,0.8,0.0,0.0,0.556
