PLAYER_ID_early,PLAYER_NAME_early,TEAM_ID_early,GP_early,MIN_early,FGA_early,FG3A_early,FTA_early,REB_early,AST_early,TOV_early,PTS_early,PLAYER_ID_late,PLAYER_NAME_late,TEAM_ID_late,GP_late,MIN_late,FGA_late,FG3A_late,FTA_late,REB_late,AST_late,TOV_late,PTS_late
1631260,AJ Green,1610612749,14,27.3,6.9,6.4,1.4,2.4,1.7,0.8,10.8,1631260,AJ Green,1610612749,24,29.0,7.3,6.8,1.0,2.8,2.1,0.8,11.3
1642358,AJ Johnson,1610612742,7,5.0,1.4,0.3,0.6,0.6,0.6,0.1,1.0,1642358,AJ Johnson,1610612742,10,4.5,1.3,0.3,0.4,0.6,0.4,0.2,0.7
203932,Aaron Gordon,1610612743,11,30.2,12.3,5.2,4.9,5.9,1.5,1.5,19.9,203932,Aaron Gordon,1610612743,13,28.3,11.8,4.8,4.6,5.9,1.3,1.4,18.8
1628988,Aaron Holiday,1610612745,6,7.1,2.3,1.5,1.2,0.5,1.2,0.8,3.8,1628988,Aaron Holiday,1610612745,18,16.7,6.2,4.2,1.6,0.9,1.1,0.9,8.9
1630174,Aaron Nesmith,1610612754,11,30.4,13.4,7.5,3.5,4.5,1.5,0.7,15.5,1630174,Aaron Nesmith,1610612754,11,30.4,13.4,7.5,3.5,4.5,1.5,0.7,15.5
1630598,Aaron Wiggins,1610612760,9,27.6,12.3,6.7,1.0,3.7,2.2,1.0,14.8,1630598,Aaron Wiggins,1610612760,15,24.2,10.1,5.6,0.9,3.1,1.9,1.2,12.3
1642846,Ace Bailey,1610612762,12,20.9,7.8,3.1,1.4,3.8,1.7,1.5,8.7,1642846,Ace Bailey,1610612762,25,23.6,9.1,4.1,0.9,3.2,1.7,1.4,10.0
1641737,Adem Bona,1610612755,12,14.8,1.7,0.1,1.3,3.4,0.3,0.6,2.2,1641737,Adem Bona,1610612755,17,16.1,2.4,0.2,1.4,3.7,0.2,0.7,3.5
1642876,Adou Thiero,1610612747,1,4.7,1.0,0.0,2.0,1.0,0.0,0.0,4.0,1642876,Adou Thiero,1610612747,9,5.8,0.6,0.0,0.6,0.7,0.1,0.3,1.1
1642349,Ajay Mitchell,1610612760,14,28.3,13.3,3.8,3.6,4.0,3.9,1.8,16.7,1642349,Ajay Mitchell,1610612760,26,26.2,10.6,3.2,3.3,3.3,3.7,1.6,14.0
201143,Al Horford,1610612744,9,21.8,6.0,4.2,0.0,4.1,1.3,1.3,5.3,201143,Al Horford,1610612744,13,21.5,6.0,4.4,0.5,4.4,2.0,1.2,5.6
1627936,Alex Caruso,1610612760,10,18.3,5.2,3.5,0.6,2.1,2.4,0.9,5.8,1627936,Alex Caruso,1610612760,17,18.8,5.1,3.1,0.6,2.6,2.5,1.0,5.8
1642259,Alex Sarr,1610612764,12,29.5,14.8,3.1,3.2,8.6,3.8,2.6,19.1,1642259,Alex Sarr,1610612764,16,29.7,15.1,3.3,3.8,8.6,3.3,2.1,19.1
1630578,Alperen Sengun,1610612745,11,36.1,15.5,3.4,7.1,10.1,7.4,3.2,22.4,1630578,Alperen Sengun,1610612745,21,36.2,17.5,2.7,6.8,9.4,7.1,3.4,23.5
1642873,Amari Williams,1610612738,2,3.4,1.0,0.0,0.0,1.0,0.5,0.0,1.0,1642873,Amari Williams,1610612738,6,5.2,0.3,0.0,0.3,1.2,0.2,0.0,0.5
1641708,Amen Thompson,1610612745,11,35.2,14.3,2.5,4.5,5.7,5.5,2.4,17.7,1641708,Amen Thompson,1610612745,23,36.5,14.0,2.1,4.3,7.3,5.3,2.5,17.3
1629599,Amir Coffey,1610612756,13,9.9,1.5,0.6,0.2,1.1,0.5,0.1,1.6,1629599,Amir Coffey,1610612756,20,7.9,1.2,0.6,0.4,0.8,0.4,0.1,1.5
203083,Andre Drummond,1610612755,11,21.5,5.4,1.3,1.8,8.8,0.8,0.5,8.0,203083,Andre Drummond,1610612755,24,21.4,5.5,1.3,1.5,9.4,0.9,0.8,7.3
1641748,Andre Jackson Jr.,1610612749,6,3.7,0.3,0.2,0.0,0.3,1.0,0.3,0.0,1641748,Andre Jackson Jr.,1610612749,13,7.1,1.7,1.0,0.3,0.9,1.3,0.4,1.3
1629614,Andrew Nembhard,1610612754,6,28.0,13.8,6.2,5.2,1.8,6.5,2.0,18.0,1629614,Andrew Nembhard,1610612754,18,31.2,13.6,5.0,4.8,2.3,6.6,2.2,17.3
203952,Andrew Wiggins,1610612748,13,32.9,13.6,5.1,2.7,4.9,2.8,2.2,17.5,203952,Andrew Wiggins,1610612748,23,32.9,13.6,4.7,2.5,4.8,2.9,1.8,16.6
1629014,Anfernee Simons,1610612741,13,25.4,12.3,7.2,1.5,2.2,2.4,1.2,14.5,1629014,Anfernee Simons,1610612741,26,23.7,10.7,6.1,1.7,2.1,2.5,1.0,13.0
1641710,Anthony Black,1610612753,13,25.7,8.3,3.3,2.5,3.0,2.3,2.2,10.5,1641710,Anthony Black,1610612753,26,28.5,10.7,3.6,3.6,4.0,3.3,2.2,13.0
203076,Anthony Davis,1610612764,5,29.9,15.0,2.2,6.2,10.2,2.2,2.2,20.8,203076,Anthony Davis,1610612764,11,29.6,15.8,2.0,4.3,10.5,3.2,1.8,20.0
1630162,Anthony Edwards,1610612750,9,30.4,18.9,8.1,7.0,4.6,3.7,2.4,27.3,1630162,Anthony Edwards,1610612750,20,34.4,19.3,8.1,7.2,4.9,3.8,3.0,28.7
1630264,Anthony Gill,1610612764,5,2.7,0.8,0.2,0.4,0.8,0.0,0.4,1.8,1630264,Anthony Gill,1610612764,9,3.6,0.8,0.1,0.4,0.8,0.0,0.4,1.9
1641810,Antonio Reeves,1610612766,2,10.5,3.0,2.5,0.0,1.0,0.0,0.0,4.5,1641810,Antonio Reeves,1610612766,6,8.8,2.7,1.7,0.0,0.8,0.3,0.0,3.5
1630574,Ariel Hukporti,1610612752,8,7.0,1.0,0.0,0.0,2.1,0.6,0.6,1.0,1630574,Ariel Hukporti,1610612752,16,7.9,0.8,0.0,0.5,2.4,0.5,0.6,1.2
1642854,Asa Newell,1610612737,7,10.2,3.9,2.0,0.7,2.3,0.1,0.6,5.6,1642854,Asa Newell,1610612737,17,9.3,3.4,1.5,0.7,1.8,0.5,0.4,5.2
1641709,Ausar Thompson,1610612765,10,29.1,11.5,1.3,3.9,6.6,3.4,1.4,13.9,1641709,Ausar Thompson,1610612765,22,27.4,9.3,0.7,3.3,6.0,2.9,1.5,11.6
1630559,Austin Reaves,1610612747,11,36.3,17.9,8.3,9.5,5.1,8.2,3.4,28.3,1630559,Austin Reaves,1610612747,21,36.9,16.9,7.6,9.1,5.6,6.7,3.3,27.8
1630245,Ayo Dosunmu,1610612750,9,25.4,10.3,4.1,2.6,2.6,3.0,1.1,14.9,1630245,Ayo Dosunmu,1610612750,20,27.8,10.5,4.0,2.8,2.7,3.2,1.4,15.2
1628389,Bam Adebayo,1610612748,8,30.4,15.5,5.9,4.5,8.1,2.9,2.0,19.9,1628389,Bam Adebayo,1610612748,20,30.9,14.4,4.9,4.8,9.0,2.5,1.8,19.2
1631248,Baylor Scheierman,1610612738,9,9.1,1.7,1.4,0.1,2.1,0.2,0.1,2.9,1631248,Baylor Scheierman,1610612738,22,12.1,2.2,1.7,0.0,1.8,0.7,0.4,3.1
1642879,Ben Saraf,1610612751,7,13.8,3.9,1.9,1.1,1.9,2.4,1.3,3.3,1642879,Ben Saraf,1610612751,12,16.9,5.2,2.8,1.3,1.6,2.8,1.9,5.4
1641767,Ben Sheppard,1610612754,13,25.1,7.5,4.2,1.0,4.5,1.6,0.7,6.5,1641767,Ben Sheppard,1610612754,22,24.9,6.7,4.0,0.9,4.1,2.0,0.7,6.5
1631097,Bennedict Mathurin,1610612746,2,36.4,15.5,5.0,13.0,7.0,2.5,2.5,31.0,1631097,Bennedict Mathurin,1610612746,15,32.6,13.6,6.3,6.3,5.5,2.3,2.7,20.1
1641731,Bilal Coulibaly,1610612764,4,23.8,9.5,4.3,3.3,4.8,3.3,2.5,10.5,1641731,Bilal Coulibaly,1610612764,12,27.1,7.6,3.4,2.9,4.0,3.0,1.8,8.8
202687,Bismack Biyombo,1610612759,5,8.8,0.4,0.0,0.0,1.0,0.4,0.4,0.4,202687,Bismack Biyombo,1610612759,8,7.2,0.5,0.0,0.3,0.8,0.4,0.4,0.9
1631104,Blake Wesley,1610612757,6,16.3,5.7,1.7,1.7,2.3,3.2,1.2,6.0,1631104,Blake Wesley,1610612757,6,16.3,5.7,1.7,1.7,2.3,3.2,1.2,6.0
1626171,Bobby Portis Jr.,1610612749,14,20.4,8.4,3.1,0.6,5.5,1.2,1.3,9.6,1626171,Bobby Portis Jr.,1610612749,27,21.7,9.8,3.8,0.9,5.7,1.3,1.0,11.9
1641752,Bobi Klintman,1610612765,6,8.8,3.5,1.8,0.5,2.7,0.7,0.8,2.8,1641752,Bobi Klintman,1610612765,6,8.8,3.5,1.8,0.5,2.7,0.7,0.8,2.8
203992,Bogdan Bogdanović,1610612746,6,24.7,7.8,5.0,1.3,3.2,3.2,1.7,9.5,203992,Bogdan Bogdanović,1610612746,12,24.7,7.7,4.8,1.6,3.3,3.1,1.2,9.1
1630538,Bones Hyland,1610612750,11,9.1,3.2,2.0,0.4,0.9,1.4,0.7,4.3,1630538,Bones Hyland,1610612750,17,10.3,3.5,2.1,0.5,1.1,1.6,0.8,5.1
203078,Bradley Beal,1610612746,6,20.2,8.0,3.2,1.3,0.8,1.7,1.5,8.2,203078,Bradley Beal,1610612746,6,20.2,8.0,3.2,1.3,0.8,1.7,1.5,8.2
1642382,Branden Carlson,1610612760,9,8.4,2.8,1.3,0.0,1.9,0.3,0.3,2.8,1642382,Branden Carlson,1610612760,17,10.0,3.6,1.8,0.4,2.2,0.6,0.2,5.0
1641764,Brandin Podziemski,1610612744,14,28.6,9.3,4.7,2.0,4.6,3.1,1.4,11.4,1641764,Brandin Podziemski,1610612744,27,27.7,9.6,4.7,2.3,4.7,3.2,1.5,12.1
1627742,Brandon Ingram,1610612761,13,33.1,15.5,4.2,4.6,6.0,3.8,2.5,20.4,1627742,Brandon Ingram,1610612761,27,34.2,17.1,4.6,4.9,5.8,3.9,3.1,21.8
1641706,Brandon Miller,1610612766,2,19.9,12.5,5.5,5.0,0.0,4.0,1.5,14.5,1641706,Brandon Miller,1610612766,10,28.2,16.5,8.1,3.4,3.8,3.5,2.5,17.4
1630314,Brandon Williams,1610612742,11,19.7,8.5,2.5,3.2,2.4,3.1,1.9,10.2,1630314,Brandon Williams,1610612742,24,21.8,9.5,2.9,3.3,2.5,4.2,1.8,10.8
1641729,Brice Sensabaugh,1610612762,11,13.3,6.5,4.6,1.2,2.5,1.1,0.9,8.5,1641729,Brice Sensabaugh,1610612762,24,16.0,7.0,4.3,1.4,2.5,1.3,0.8,8.5
1642355,Bronny James,1610612747,9,11.9,2.9,1.1,0.2,1.0,1.8,0.6,2.0,1642355,Bronny James,1610612747,14,8.9,2.2,1.0,0.1,0.6,1.5,0.8,1.9
201572,Brook Lopez,1610612746,12,15.4,5.9,4.1,0.7,2.3,0.4,1.0,6.8,201572,Brook Lopez,1610612746,19,14.1,5.3,3.6,0.6,1.7,0.5,0.7,5.8
1642964,Brooks Barnhizer,1610612760,12,8.0,1.1,0.1,0.3,2.1,0.3,0.1,1.2,1642964,Brooks Barnhizer,1610612760,17,7.7,1.4,0.2,0.4,1.9,0.4,0.2,1.7
1628971,Bruce Brown,1610612743,12,22.5,5.7,1.8,1.3,4.5,1.3,0.8,6.7,1628971,Bruce Brown,1610612743,25,23.7,5.8,1.6,1.4,3.9,2.1,1.0,6.6
1631121,Bryce McGowens,1610612740,4,4.4,1.0,0.3,1.0,0.0,0.8,0.3,1.5,1631121,Bryce McGowens,1610612740,17,18.0,5.4,1.7,2.5,2.2,1.5,0.3,8.5
1642267,Bub Carrington,1610612764,12,27.4,6.7,3.0,1.2,4.0,4.5,2.7,6.5,1642267,Bub Carrington,1610612764,24,26.8,7.5,4.0,1.1,3.5,4.4,2.2,8.0
1627741,Buddy Hield,1610612737,14,16.6,5.6,3.6,0.9,1.6,1.6,1.0,6.6,1627741,Buddy Hield,1610612737,27,18.8,7.2,4.7,0.7,2.6,1.6,1.1,8.0
203468,CJ McCollum,1610612737,12,29.3,14.0,6.9,3.5,3.3,3.3,1.5,16.3,203468,CJ McCollum,1610612737,24,30.4,15.3,7.3,3.0,3.2,3.4,1.6,18.9
1630595,Cade Cunningham,1610612765,11,37.0,22.1,6.6,7.8,5.4,9.9,3.6,27.5,1630595,Cade Cunningham,1610612765,23,35.8,20.6,6.4,7.5,6.0,9.2,3.7,27.1
1631216,Caleb Houstan,1610612737,5,6.4,1.6,1.2,0.6,0.6,0.4,0.6,2.8,1631216,Caleb Houstan,1610612737,8,5.4,1.6,1.3,0.4,0.6,0.3,0.5,2.5
1631126,Caleb Love,1610612757,4,7.7,4.8,2.8,0.0,2.0,1.5,0.3,3.8,1631126,Caleb Love,1610612757,18,17.9,8.8,5.3,0.8,2.5,2.2,0.9,8.1
1628997,Caleb Martin,1610612742,11,9.7,1.6,0.5,0.5,1.6,1.1,0.5,1.5,1628997,Caleb Martin,1610612742,22,9.1,1.7,0.6,0.4,1.5,0.9,0.4,1.2
1642353,Cam Christie,1610612746,8,11.5,3.8,2.0,1.9,1.9,1.0,0.1,5.5,1642353,Cam Christie,1610612746,17,11.0,3.6,1.7,1.8,2.1,0.6,0.4,4.4
1642285,Cam Spencer,1610612763,14,18.7,6.1,4.3,1.9,2.0,3.0,0.9,8.7,1642285,Cam Spencer,1610612763,26,21.7,7.6,5.0,1.8,2.2,4.0,1.2,12.0
1630560,Cam Thomas,1610612749,8,28.3,16.5,5.6,7.0,1.4,2.6,2.0,21.4,1630560,Cam Thomas,1610612749,8,28.3,16.5,5.6,7.0,1.4,2.6,2.0,21.4
1641715,Cam Whitmore,1610612764,12,17.3,7.8,2.8,1.6,2.3,0.6,1.0,9.2,1641715,Cam Whitmore,1610612764,21,16.9,8.0,2.7,1.5,2.8,0.7,0.9,9.2
1629661,Cameron Johnson,1610612743,11,24.5,7.1,3.5,1.5,2.6,1.8,0.5,7.2,1629661,Cameron Johnson,1610612743,24,30.7,8.8,4.5,2.1,3.4,2.2,1.1,11.4
1627747,Caris LeVert,1610612765,9,20.1,6.8,3.0,2.1,1.3,3.0,1.6,9.6,1627747,Caris LeVert,1610612765,20,20.5,7.1,3.5,2.4,1.6,3.1,1.4,9.6
1642868,Carter Bryant,1610612759,7,6.8,2.6,1.1,0.4,0.9,0.0,0.4,2.4,1642868,Carter Bryant,1610612759,18,7.9,2.8,1.6,0.2,1.7,0.1,0.3,2.5
1641717,Cason Wallace,1610612760,13,29.1,7.4,4.2,0.8,3.2,2.8,1.1,8.5,1641717,Cason Wallace,1610612760,25,27.7,7.3,4.1,0.5,3.1,2.4,1.0,8.4
1642907,Cedric Coward,1610612763,14,26.7,9.6,4.4,3.6,6.1,3.0,1.2,14.0,1642907,Cedric Coward,1610612763,26,27.1,10.5,4.5,2.7,6.2,2.8,1.6,13.4
1629646,Charles Bassey,1610612744,2,15.3,4.0,0.0,1.5,7.5,1.0,0.5,3.5,1629646,Charles Bassey,1610612744,2,15.3,4.0,0.0,1.5,7.5,1.0,0.5,3.5
1642404,Chaz Lanier,1610612765,9,10.9,3.3,2.9,0.3,1.1,1.0,0.1,3.4,1642404,Chaz Lanier,1610612765,13,10.3,3.2,2.8,0.2,1.1,0.8,0.1,3.3
1631096,Chet Holmgren,1610612760,10,29.6,11.8,4.1,4.7,8.2,1.8,2.1,19.3,1631096,Chet Holmgren,1610612760,22,28.8,12.2,3.8,4.1,8.0,1.6,2.0,18.7
1628449,Chris Boucher,1610612738,7,10.9,3.1,1.7,0.3,2.4,0.3,0.1,2.4,1628449,Chris Boucher,1610612738,8,11.3,2.8,1.5,0.5,2.3,0.4,0.1,2.3
1643024,Chris Mañon,1610612747,2,3.5,0.5,0.5,0.0,1.0,0.0,0.0,0.0,1643024,Chris Mañon,1610612747,2,3.5,0.5,0.5,0.0,1.0,0.0,0.0,0.0
101108,Chris Paul,1610612746,8,12.9,3.1,2.4,0.1,1.8,3.6,0.9,2.3,101108,Chris Paul,1610612746,16,14.2,3.5,1.9,0.1,1.8,3.3,1.0,2.9
1642959,Chris Youngblood,1610612757,12,5.3,1.2,1.1,0.5,0.5,0.2,0.0,1.3,1642959,Chris Youngblood,1610612757,19,5.6,1.6,1.3,0.4,1.0,0.3,0.1,1.8
1631128,Christian Braun,1610612743,11,29.6,8.8,2.5,2.6,4.4,3.0,1.3,11.4,1631128,Christian Braun,1610612743,11,29.6,8.8,2.5,2.6,4.4,3.0,1.3,11.4
1631132,Christian Koloko,1610612737,2,3.2,0.0,0.0,0.0,0.5,0.0,0.0,0.0,1631132,Christian Koloko,1610612737,2,3.2,0.0,0.0,0.0,0.5,0.0,0.0,0.0
203991,Clint Capela,1610612745,11,9.8,2.3,0.0,0.9,4.5,0.4,0.4,3.6,203991,Clint Capela,1610612745,22,11.4,2.8,0.0,0.8,4.6,0.4,0.5,3.7
1628998,Cody Martin,1610612754,4,13.8,2.5,1.3,1.5,3.5,0.5,1.0,1.8,1628998,Cody Martin,1610612754,4,13.8,2.5,1.3,1.5,3.5,0.5,1.0,1.8
1642262,Cody Williams,1610612762,7,11.3,3.0,1.3,0.4,0.9,0.6,0.4,3.0,1642262,Cody Williams,1610612762,14,12.9,3.5,1.6,0.3,0.9,0.6,0.4,2.9
1641732,Colby Jones,1610612765,1,6.8,3.0,2.0,0.0,4.0,2.0,0.0,2.0,1641732,Colby Jones,1610612765,1,6.8,3.0,2.0,0.0,4.0,2.0,0.0,2.0
1630175,Cole Anthony,1610612749,13,19.4,8.9,2.8,1.2,3.5,5.0,2.1,9.2,1630175,Cole Anthony,1610612749,25,16.0,6.9,2.0,0.9,2.7,4.0,2.0,6.9
1631221,Collin Gillespie,1610612756,13,23.5,8.4,6.2,1.0,3.8,4.9,1.4,9.5,1631221,Collin Gillespie,1610612756,26,27.4,10.5,6.7,1.2,3.8,4.8,1.8,13.0
1642867,Collin Murray-Boyles,1610612761,10,20.4,6.5,1.8,1.9,3.7,1.2,1.1,8.9,1642867,Collin Murray-Boyles,1610612761,22,17.5,4.8,1.1,1.5,3.2,1.4,1.2,6.8
1629012,Collin Sexton,1610612741,12,26.2,10.4,3.7,4.5,2.3,5.0,3.0,15.4,1629012,Collin Sexton,1610612741,21,25.2,10.7,3.4,4.3,2.2,4.2,2.5,15.5
1642843,Cooper Flagg,1610612742,13,33.9,13.2,4.0,3.2,6.6,3.1,2.5,15.2,1642843,Cooper Flagg,1610612742,26,34.0,14.6,3.4,4.3,6.3,3.5,2.2,18.4
1630557,Corey Kispert,1610612737,12,19.3,5.7,3.8,1.6,2.3,1.8,0.8,8.3,1630557,Corey Kispert,1610612737,17,19.9,6.1,3.9,1.7,2.5,1.7,0.6,8.9
1641854,Craig Porter Jr.,1610612739,14,17.1,4.3,1.8,0.9,2.9,2.6,0.9,5.5,1641854,Craig Porter Jr.,1610612739,24,16.4,4.0,1.4,0.6,3.1,2.3,0.8,5.1
1626156,D'Angelo Russell,1610612764,13,21.9,10.8,5.1,3.8,2.9,4.8,2.2,12.2,1626156,D'Angelo Russell,1610612764,21,20.3,9.8,4.8,2.8,2.6,4.3,2.1,11.2
1641747,DaRon Holmes II,1610612743,2,2.2,0.5,0.5,0.0,0.0,0.0,0.0,1.5,1641747,DaRon Holmes II,1610612743,2,2.2,0.5,0.5,0.0,0.0,0.0,0.0,1.5
1631342,Daeqwon Plowden,1610612758,1,14.0,5.0,3.0,0.0,2.0,0.0,0.0,2.0,1631342,Daeqwon Plowden,1610612758,1,14.0,5.0,3.0,0.0,2.0,0.0,0.0,2.0
1631207,Dalen Terry,1610612755,7,5.9,1.3,0.3,0.9,0.4,0.6,0.1,1.7,1631207,Dalen Terry,1610612755,15,11.4,2.9,1.0,0.5,1.9,1.3,0.7,3.4
1642261,Dalton Knecht,1610612747,13,18.9,6.5,3.5,0.7,2.4,0.6,0.6,7.6,1642261,Dalton Knecht,1610612747,20,15.1,5.1,2.9,0.8,1.9,0.6,0.4,6.4
1629655,Daniel Gafford,1610612742,8,21.9,6.0,0.0,2.1,5.9,1.0,1.3,9.5,1629655,Daniel Gafford,1610612742,16,22.3,5.2,0.0,2.7,6.1,1.3,1.4,8.5
1642450,Daniss Jenkins,1610612765,8,19.5,8.0,2.5,1.3,2.0,3.6,1.4,9.8,1642450,Daniss Jenkins,1610612765,21,16.9,6.7,2.3,1.6,1.9,3.2,1.3,7.9
1642874,Danny Wolf,1610612751,2,2.9,0.5,0.0,1.0,1.0,1.0,0.0,1.0,1642874,Danny Wolf,1610612751,11,17.4,6.7,3.4,1.8,4.2,1.7,1.4,8.7
203967,Dario Saric,1610612758,3,9.2,1.7,0.7,0.7,1.7,0.7,0.3,1.7,203967,Dario Saric,1610612758,3,9.2,1.7,0.7,0.7,1.7,0.7,0.3,1.7
1629636,Darius Garland,1610612746,3,24.5,12.0,6.3,2.7,3.0,5.0,1.7,13.0,1629636,Darius Garland,1610612746,11,30.0,13.8,6.5,4.2,2.9,6.5,2.8,15.5
1642357,David Jones Garcia,1610612759,3,3.6,2.3,0.0,1.0,1.0,1.3,0.0,3.0,1642357,David Jones Garcia,1610612759,10,6.7,2.5,0.5,0.6,1.2,1.8,0.5,3.2
1630558,Davion Mitchell,1610612748,13,30.6,8.1,3.0,1.5,2.8,7.6,1.7,10.0,1630558,Davion Mitchell,1610612748,25,30.4,7.8,2.7,1.4,2.8,7.7,1.4,9.9
1630549,Day'Ron Sharpe,1610612751,11,15.7,3.7,0.9,2.3,5.3,1.8,2.0,6.5,1630549,Day'Ron Sharpe,1610612751,24,16.1,4.3,0.8,2.7,5.5,2.0,1.7,7.1
1628368,De'Aaron Fox,1610612759,4,34.0,16.0,6.0,2.8,4.0,5.8,4.5,20.5,1628368,De'Aaron Fox,1610612759,17,32.9,17.1,6.5,5.5,3.6,6.2,3.2,23.9
1629631,De'Andre Hunter,1610612758,11,29.1,14.0,6.8,4.5,4.7,3.1,1.6,18.0,1629631,De'Andre Hunter,1610612758,23,28.6,12.2,6.3,3.6,4.3,2.3,1.6,15.4
201599,DeAndre Jordan,1610612740,2,11.7,2.5,0.0,1.0,5.0,0.0,0.5,4.5,201599,DeAndre Jordan,1610612740,2,11.7,2.5,0.0,1.0,5.0,0.0,0.5,4.5
201942,DeMar DeRozan,1610612758,13,33.6,14.1,2.5,4.5,3.4,3.5,1.0,18.2,201942,DeMar DeRozan,1610612758,26,32.9,13.0,2.0,4.3,3.2,3.4,1.0,17.7
1629731,Dean Wade,1610612739,13,21.8,5.0,3.7,0.9,3.4,1.3,0.3,5.5,1629731,Dean Wade,1610612739,25,22.6,4.8,3.6,1.1,4.0,1.6,0.3,5.5
1629028,Deandre Ayton,1610612747,13,30.4,11.0,0.0,1.6,8.4,0.9,2.7,16.2,1629028,Deandre Ayton,1610612747,23,29.4,10.0,0.0,1.7,9.0,0.9,2.0,15.3
1630166,Deni Avdija,1610612757,12,33.7,16.8,6.8,8.0,6.6,4.6,3.6,25.8,1630166,Deni Avdija,1610612757,26,34.2,16.2,6.4,9.6,7.2,6.3,3.6,25.5
203471,Dennis Schröder,1610612739,13,30.1,11.5,4.3,1.9,3.5,6.0,2.1,11.5,203471,Dennis Schröder,1610612739,19,29.0,11.5,4.5,2.4,3.5,5.8,1.9,12.6
1641726,Dereck Lively II,1610612742,4,17.0,3.0,0.0,1.5,5.0,2.3,1.5,5.0,1641726,Dereck Lively II,1610612742,7,16.5,2.6,0.0,1.4,5.3,1.9,1.4,4.3
1642852,Derik Queen,1610612740,12,22.1,8.4,0.8,3.1,6.0,2.3,2.1,10.6,1642852,Derik Queen,1610612740,27,25.2,9.5,0.7,3.9,6.4,4.0,2.3,12.7
1627884,Derrick Jones Jr.,1610612746,12,26.1,7.3,3.7,2.3,2.5,1.2,0.8,10.9,1627884,Derrick Jones Jr.,1610612746,13,24.9,7.1,3.5,2.2,2.4,1.1,0.8,10.5
1628401,Derrick White,1610612738,13,32.4,15.3,8.7,2.8,3.7,5.2,1.2,15.5,1628401,Derrick White,1610612738,25,33.2,15.4,9.2,2.8,4.1,5.0,1.9,17.8
1630217,Desmond Bane,1610612753,13,31.6,13.5,4.6,2.9,4.3,4.5,2.3,15.8,1630217,Desmond Bane,1610612753,26,33.4,15.3,5.1,3.7,4.5,4.6,2.1,19.0
1626164,Devin Booker,1610612756,13,35.6,19.5,5.8,7.7,4.2,7.0,3.9,28.5,1626164,Devin Booker,1610612756,23,34.5,17.8,5.6,8.3,4.4,6.7,3.6,25.1
1642269,Devin Carter,1610612758,8,8.1,2.6,1.4,0.6,1.5,1.1,0.8,2.1,1642269,Devin Carter,1610612758,9,9.5,3.4,1.9,0.8,1.4,1.4,0.9,3.6
1630170,Devin Vassell,1610612759,12,33.0,12.2,7.5,1.6,3.6,2.0,1.2,13.7,1630170,Devin Vassell,1610612759,25,32.4,12.7,7.0,2.3,3.8,2.6,1.0,15.7
1628415,Dillon Brooks,1610612756,7,29.1,15.7,7.9,4.3,2.9,2.0,1.9,20.3,1628415,Dillon Brooks,1610612756,20,30.7,17.6,7.3,4.1,3.0,1.8,2.3,21.6
1627734,Domantas Sabonis,1610612758,10,32.9,13.1,1.9,4.7,12.2,3.6,2.5,17.2,1627734,Domantas Sabonis,1610612758,11,33.2,13.2,1.8,4.6,12.3,3.7,2.5,17.2
1631230,Dominick Barlow,1610612755,3,26.4,6.0,2.3,2.0,6.7,2.7,1.7,8.3,1631230,Dominick Barlow,1610612755,16,26.8,6.2,1.7,1.8,5.8,1.9,1.1,8.2
1642270,Donovan Clingan,1610612757,12,24.8,7.1,2.8,1.2,8.8,1.1,0.8,8.3,1642270,Donovan Clingan,1610612757,22,25.1,7.8,2.7,2.0,10.2,1.7,0.8,9.7
1628378,Donovan Mitchell,1610612739,12,33.9,20.3,10.5,7.5,4.6,5.4,3.3,30.4,1628378,Donovan Mitchell,1610612739,25,34.5,21.6,10.6,6.3,4.7,5.5,3.3,30.7
1628978,Donte DiVincenzo,1610612750,13,30.7,10.3,7.8,2.8,3.8,3.5,1.5,14.1,1628978,Donte DiVincenzo,1610612750,26,31.4,10.7,8.0,2.2,4.1,3.8,1.3,13.7
203926,Doug McDermott,1610612758,1,7.8,3.0,3.0,0.0,0.0,0.0,1.0,6.0,203926,Doug McDermott,1610612758,2,5.5,2.0,2.0,0.0,0.0,0.0,0.5,3.0
1642962,Drake Powell,1610612751,6,17.5,4.7,1.7,0.3,2.0,2.0,1.3,6.2,1642962,Drake Powell,1610612751,18,18.5,4.6,2.1,1.2,1.8,2.1,1.2,6.3
203110,Draymond Green,1610612744,13,28.4,6.8,4.2,1.3,5.5,5.7,3.1,7.6,203110,Draymond Green,1610612744,21,28.2,7.6,4.6,1.1,6.2,5.5,3.2,8.3
1629234,Drew Eubanks,1610612758,13,14.9,4.2,0.1,2.4,2.9,0.3,1.0,6.7,1629234,Drew Eubanks,1610612758,25,14.4,3.6,0.1,1.5,2.8,0.3,0.9,5.3
1630696,Dru Smith,1610612748,13,16.7,4.8,2.1,0.9,1.9,3.3,0.9,5.9,1630696,Dru Smith,1610612748,26,16.9,5.0,2.1,1.4,2.6,2.8,0.9,6.3
1629130,Duncan Robinson,1610612765,13,32.1,9.2,6.9,1.6,2.8,1.8,0.6,12.5,1629130,Duncan Robinson,1610612765,24,31.1,9.2,7.3,1.6,3.0,2.0,0.8,12.3
1641871,Duop Reath,1610612757,9,7.8,2.4,2.2,0.0,0.7,0.4,0.1,4.2,1641871,Duop Reath,1610612757,20,8.4,2.6,1.9,0.2,1.0,0.3,0.3,3.8
203939,Dwight Powell,1610612742,11,8.9,1.1,0.0,1.5,1.9,0.6,0.5,2.5,203939,Dwight Powell,1610612742,22,11.7,1.3,0.0,1.6,2.5,0.9,0.4,2.8
1642928,Dylan Cardwell,1610612758,3,10.8,2.0,0.3,0.7,1.7,0.0,0.7,1.7,1642928,Dylan Cardwell,1610612758,3,10.8,2.0,0.3,0.7,1.7,0.0,0.7,1.7
1642844,Dylan Harper,1610612759,6,23.4,10.7,2.3,3.0,4.0,3.8,1.8,14.0,1642844,Dylan Harper,1610612759,15,21.9,11.0,2.5,3.2,3.1,3.7,1.7,13.1
1630700,Dyson Daniels,1610612737,13,32.5,8.2,0.9,1.5,5.6,5.3,1.9,8.5,1630700,Dyson Daniels,1610612737,27,34.1,10.4,1.6,1.8,6.5,5.7,2.4,11.6
1630604,E.J. Liddell,1610612751,4,5.6,2.3,1.5,0.8,1.8,0.0,0.0,3.0,1630604,E.J. Liddell,1610612751,7,4.6,1.7,1.1,0.4,1.3,0.0,0.0,2.0
1642856,Egor Dëmin,1610612751,11,20.6,6.4,4.8,0.8,3.2,3.2,1.5,7.2,1642856,Egor Dëmin,1610612751,23,22.9,7.7,5.2,0.7,3.2,3.5,1.7,8.5
1641989,Elijah Harkless,1610612762,6,10.5,1.8,1.2,0.8,1.0,0.7,0.5,2.2,1641989,Elijah Harkless,1610612762,7,9.4,1.6,1.0,1.3,0.9,0.7,0.4,2.4
201569,Eric Gordon,1610612755,3,7.1,1.7,1.3,0.0,0.0,0.3,0.7,2.7,201569,Eric Gordon,1610612755,5,11.3,2.6,1.6,0.0,0.4,0.6,0.6,4.2
1630596,Evan Mobley,1610612739,13,34.1,14.6,4.9,6.0,9.0,4.2,2.5,19.2,1630596,Evan Mobley,1610612739,25,34.2,14.1,4.3,5.6,9.3,4.1,2.2,19.1
1630532,Franz Wagner,1610612753,13,35.3,16.1,4.8,7.1,6.4,3.8,2.1,22.7,1630532,Franz Wagner,1610612753,24,33.4,15.9,4.2,6.8,6.1,3.7,1.8,22.7
1641713,GG Jackson,1610612763,6,4.7,2.3,1.0,1.2,0.5,0.2,0.0,2.0,1641713,GG Jackson,1610612763,8,6.8,3.5,1.5,1.1,1.8,0.3,0.3,2.5
1629216,Gabe Vincent,1610612737,3,23.9,4.3,3.3,1.0,1.0,2.3,0.7,3.7,1629216,Gabe Vincent,1610612737,14,21.5,4.3,3.4,0.5,0.9,1.4,0.4,4.7
202066,Garrett Temple,1610612761,2,3.1,0.5,0.5,0.0,0.0,0.0,0.0,0.0,202066,Garrett Temple,1610612761,5,3.7,0.8,0.6,0.4,0.4,0.2,0.2,0.8
203914,Gary Harris,1610612749,7,10.0,2.0,1.1,0.0,0.6,0.6,0.3,2.6,203914,Gary Harris,1610612749,18,14.0,1.9,1.1,0.2,1.4,1.2,0.5,2.2
1627780,Gary Payton II,1610612744,13,9.7,2.6,1.2,0.0,2.6,1.2,0.6,2.5,1627780,Gary Payton II,1610612744,25,12.0,3.6,1.2,0.1,2.9,1.6,0.7,3.9
1629018,Gary Trent Jr.,1610612749,14,27.4,8.8,6.1,1.3,1.6,2.1,0.6,10.1,1629018,Gary Trent Jr.,1610612749,27,27.8,8.6,6.0,1.1,1.4,1.7,0.8,10.1
203507,Giannis Antetokounmpo,1610612749,12,33.4,19.8,1.5,10.8,11.3,7.1,3.5,32.6,203507,Giannis Antetokounmpo,1610612749,17,29.1,17.3,1.4,9.8,10.1,6.1,3.3,28.9
1629048,Goga Bitadze,1610612753,13,16.9,3.2,0.5,1.9,5.2,1.2,0.5,6.1,1629048,Goga Bitadze,1610612753,25,16.7,3.3,0.3,1.5,5.1,1.4,0.6,6.1
1641711,Gradey Dick,1610612761,13,16.5,5.7,3.4,2.0,2.3,0.5,0.4,7.5,1641711,Gradey Dick,1610612761,27,15.7,5.3,2.9,1.4,1.9,0.6,0.5,6.4
1628960,Grayson Allen,1610612756,13,32.1,13.3,8.8,2.6,3.1,4.3,1.8,18.5,1628960,Grayson Allen,1610612756,18,31.0,12.9,8.2,2.5,2.7,4.1,1.7,16.3
1627824,Guerschon Yabusele,1610612741,11,9.7,2.8,2.0,0.5,2.5,0.4,0.2,2.7,1627824,Guerschon Yabusele,1610612741,24,9.8,2.7,1.8,0.4,2.2,0.4,0.3,3.0
1630611,Gui Santos,1610612744,11,6.6,1.6,1.2,0.2,1.5,0.2,0.5,1.9,1630611,Gui Santos,1610612744,20,9.0,2.8,1.7,0.8,1.9,0.7,0.8,3.2
203084,Harrison Barnes,1610612759,12,29.6,7.1,5.0,1.6,2.8,2.0,1.6,11.4,203084,Harrison Barnes,1610612759,25,31.0,9.6,5.8,1.9,3.4,2.3,1.3,13.2
1631127,Harrison Ingram,1610612759,3,3.6,1.0,0.3,0.0,1.0,0.0,0.0,1.7,1631127,Harrison Ingram,1610612759,3,3.6,1.0,0.3,0.0,1.0,0.0,0.0,1.7
1630529,Herbert Jones,1610612740,12,30.7,9.0,4.7,1.4,3.8,2.5,1.6,10.4,1630529,Herbert Jones,1610612740,19,28.6,8.8,4.2,1.6,3.8,2.2,1.4,9.6
1642864,Hugo González,1610612738,11,12.4,2.8,0.9,0.1,2.0,0.6,0.5,3.0,1642864,Hugo González,1610612738,21,11.8,2.9,1.1,0.3,2.2,0.5,0.6,3.6
1630621,Hunter Dickinson,1610612740,1,4.7,2.0,0.0,0.0,0.0,0.0,2.0,2.0,1630621,Hunter Dickinson,1610612740,1,4.7,2.0,0.0,0.0,0.0,0.0,2.0,2.0
1642282,Hunter Sallis,1610612755,3,2.2,0.3,0.0,0.0,0.3,0.3,0.7,0.7,1642282,Hunter Sallis,1610612755,6,4.2,0.8,0.0,0.3,0.2,0.7,0.8,1.2
1641816,Hunter Tyson,1610612743,5,3.5,1.4,0.8,0.0,2.0,0.0,0.0,0.0,1641816,Hunter Tyson,1610612743,9,3.9,1.4,0.8,0.2,1.3,0.3,0.0,1.1
1630193,Immanuel Quickley,1610612761,13,31.3,12.0,6.2,3.2,4.3,6.2,1.7,15.8,1630193,Immanuel Quickley,1610612761,26,32.3,12.8,6.7,2.5,4.2,6.1,1.8,16.5
1642403,Isaac Jones,1610612765,3,5.6,0.7,0.3,0.7,0.7,0.3,0.0,1.0,1642403,Isaac Jones,1610612765,4,4.6,1.0,0.5,0.5,0.5,0.3,0.0,1.3
1630171,Isaac Okoro,1610612741,11,24.5,6.5,3.1,1.5,2.7,1.8,1.3,8.5,1630171,Isaac Okoro,1610612741,17,24.8,7.0,3.4,1.2,2.7,1.5,0.9,8.4
1642268,Isaiah Collier,1610612762,4,23.6,6.0,1.3,3.3,3.5,7.0,2.3,9.8,1642268,Isaiah Collier,1610612762,17,21.3,4.9,0.9,3.2,2.0,5.5,1.9,7.4
1628392,Isaiah Hartenstein,1610612760,14,28.6,8.1,0.2,2.4,11.2,3.1,2.1,12.7,1628392,Isaiah Hartenstein,1610612760,20,27.4,7.9,0.2,2.5,10.6,3.3,2.1,12.1
1630543,Isaiah Jackson,1610612746,13,18.6,5.7,0.0,2.2,6.1,0.9,1.2,8.1,1630543,Isaiah Jackson,1610612746,26,18.8,5.2,0.0,2.2,6.0,0.8,1.2,7.8
1630198,Isaiah Joe,1610612760,9,25.8,10.3,8.2,2.9,3.3,1.3,1.1,14.8,1630198,Isaiah Joe,1610612760,17,23.3,8.6,6.9,2.3,2.8,1.5,0.9,12.9
1630587,Isaiah Livers,1610612756,7,10.7,2.0,1.7,0.4,1.3,0.6,0.1,2.3,1630587,Isaiah Livers,1610612756,13,12.1,2.2,1.8,0.5,2.2,0.4,0.4,2.5
1630191,Isaiah Stewart,1610612765,10,23.0,8.5,3.1,2.1,6.7,1.5,1.0,11.0,1630191,Isaiah Stewart,1610612765,23,22.4,7.1,2.4,2.1,6.0,1.2,1.1,10.2
1627826,Ivica Zubac,1610612754,12,31.1,11.1,0.0,3.0,10.5,2.3,2.3,16.2,1627826,Ivica Zubac,1610612754,26,32.8,11.6,0.0,2.8,11.5,2.5,2.0,16.2
1631120,JD Davison,1610612745,5,4.7,1.6,1.2,0.4,0.0,0.4,0.0,2.2,1631120,JD Davison,1610612745,11,6.7,1.5,0.8,0.2,0.4,0.9,0.1,1.8
1629630,Ja Morant,1610612763,12,28.8,16.3,5.0,5.8,3.5,7.6,3.8,17.9,1629630,Ja Morant,1610612763,14,28.0,16.2,4.8,5.6,3.5,7.5,3.6,17.7
1642266,Ja'Kobe Walter,1610612761,10,11.9,3.1,2.2,0.7,1.3,0.6,0.8,3.2,1642266,Ja'Kobe Walter,1610612761,24,16.5,4.5,2.9,0.7,2.0,0.8,0.7,5.3
1631095,Jabari Smith Jr.,1610612745,10,32.0,12.0,5.5,2.3,6.0,1.8,1.0,14.9,1631095,Jabari Smith Jr.,1610612745,22,34.0,12.0,5.6,2.9,6.7,2.0,1.4,15.4
1631133,Jabari Walker,1610612755,12,12.8,3.1,1.0,0.4,3.1,0.4,0.4,3.2,1631133,Jabari Walker,1610612755,24,13.9,3.5,1.5,1.3,3.5,0.6,0.5,4.6
1631210,Jacob Toppin,1610612737,3,3.1,1.3,0.0,0.0,0.3,0.0,0.0,2.0,1631210,Jacob Toppin,1610612737,5,3.4,1.2,0.0,0.0,0.2,0.2,0.0,1.6
1630702,Jaden Hardy,1610612764,11,10.6,4.1,2.5,0.8,1.2,0.4,0.8,4.9,1630702,Jaden Hardy,1610612764,21,10.5,4.7,2.9,1.0,1.2,0.5,0.8,5.8
1630183,Jaden McDaniels,1610612750,13,31.7,12.6,3.4,2.5,4.5,2.3,1.8,17.7,1630183,Jaden McDaniels,1610612750,25,32.8,11.9,3.6,2.4,4.7,2.6,1.9,15.8
1630256,Jae'Sean Tate,1610612745,7,5.6,1.6,0.4,0.0,0.9,0.1,0.1,1.1,1630256,Jae'Sean Tate,1610612745,14,8.3,2.3,0.9,0.1,1.6,0.5,0.3,2.9
1642443,Jahmir Young,1610612748,2,4.8,1.5,0.5,0.0,0.5,1.0,0.5,1.0,1642443,Jahmir Young,1610612748,5,4.9,2.2,1.0,0.0,0.4,0.8,0.4,2.0
1643141,Jahmyl Telfort,1610612746,3,5.3,0.7,0.7,1.3,0.7,0.3,0.3,0.3,1643141,Jahmyl Telfort,1610612746,8,4.0,0.5,0.5,0.5,0.4,0.1,0.1,0.1
1631170,Jaime Jaquez Jr.,1610612748,13,30.2,13.0,1.9,4.2,7.3,5.2,1.7,17.5,1631170,Jaime Jaquez Jr.,1610612748,25,29.2,12.1,1.5,3.4,5.8,5.0,2.2,15.4
1631222,Jake LaRavia,1610612747,14,28.8,7.8,3.2,2.6,4.5,2.4,1.3,10.2,1631222,Jake LaRavia,1610612747,25,24.4,6.9,3.0,1.9,3.8,1.7,1.0,8.4
1627751,Jakob Poeltl,1610612761,9,24.7,6.4,0.0,3.7,7.3,1.8,1.2,11.1,1627751,Jakob Poeltl,1610612761,20,26.2,6.3,0.0,2.4,8.0,2.3,1.6,10.1
1628973,Jalen Brunson,1610612752,11,33.9,20.8,7.6,6.6,3.5,6.5,2.7,28.0,1628973,Jalen Brunson,1610612752,23,35.1,21.0,7.4,6.7,3.1,6.4,2.3,28.8
1631105,Jalen Duren,1610612765,11,29.0,10.8,0.0,6.6,12.0,1.6,2.5,19.4,1631105,Jalen Duren,1610612765,23,29.0,10.3,0.0,6.3,11.0,1.7,2.4,18.0
1630224,Jalen Green,1610612756,2,14.9,11.5,7.0,2.5,2.0,2.0,1.0,15.5,1630224,Jalen Green,1610612756,2,14.9,11.5,7.0,2.5,2.0,2.0,1.0,15.5
1630552,Jalen Johnson,1610612737,11,32.3,14.5,2.8,4.6,9.5,6.3,2.8,21.5,1630552,Jalen Johnson,1610612737,24,35.1,16.0,4.0,5.8,10.5,8.2,3.3,22.8
1629618,Jalen Pickett,1610612743,6,7.0,2.0,1.0,0.2,1.0,1.2,0.7,2.5,1629618,Jalen Pickett,1610612743,11,8.8,2.3,1.4,0.1,1.5,1.3,0.5,2.6
1630188,Jalen Smith,1610612741,11,15.8,7.4,3.8,1.6,6.0,1.2,1.0,9.9,1630188,Jalen Smith,1610612741,20,16.8,7.5,4.1,1.3,5.8,1.2,1.0,9.6
1630591,Jalen Suggs,1610612753,10,22.1,7.8,4.5,2.6,3.9,4.4,3.0,12.5,1630591,Jalen Suggs,1610612753,21,25.6,11.4,6.1,3.1,3.7,4.8,2.7,15.4
1630592,Jalen Wilson,1610612751,10,17.1,5.2,3.5,1.3,1.1,0.7,0.8,6.5,1630592,Jalen Wilson,1610612751,19,14.0,4.3,2.9,1.1,1.0,0.6,0.5,5.0
1631288,Jamal Cain,1610612753,1,0.5,0.0,0.0,0.0,0.0,0.0,0.0,0.0,1631288,Jamal Cain,1610612753,5,6.3,1.6,1.0,0.4,0.8,0.4,0.4,1.6
1627750,Jamal Murray,1610612743,11,34.0,17.5,6.6,4.1,5.1,6.3,2.4,22.1,1627750,Jamal Murray,1610612743,24,35.0,17.7,7.1,4.4,4.4,6.8,2.3,24.9
1642347,Jamal Shead,1610612761,13,17.9,5.0,2.8,1.2,1.7,5.1,1.2,6.5,1642347,Jamal Shead,1610612761,27,20.0,5.6,3.1,1.6,1.9,5.4,1.1,6.4
201935,James Harden,1610612739,11,35.9,16.4,9.3,6.9,6.3,9.1,3.9,25.0,201935,James Harden,1610612739,25,35.4,17.2,9.5,8.3,5.2,8.1,3.9,26.0
1630164,James Wiseman,1610612754,1,19.9,3.0,0.0,0.0,4.0,0.0,3.0,4.0,1630164,James Wiseman,1610612754,1,19.9,3.0,0.0,0.0,4.0,0.0,3.0,4.0
1642364,Jamir Watkins,1610612764,3,7.0,1.3,0.3,0.0,2.0,0.0,0.3,2.0,1642364,Jamir Watkins,1610612764,9,12.4,2.1,1.0,0.4,2.7,0.4,0.4,3.6
1642419,Jamison Battle,1610612761,10,7.3,2.1,1.5,0.0,1.1,0.2,0.4,4.1,1642419,Jamison Battle,1610612761,17,8.1,2.2,1.3,0.3,1.4,0.2,0.4,3.9
1641716,Jarace Walker,1610612754,13,29.1,11.3,5.4,2.6,5.4,3.2,2.2,10.2,1641716,Jarace Walker,1610612754,26,25.6,9.0,4.7,2.3,4.9,2.0,1.9,9.7
1642272,Jared McCain,1610612760,3,10.3,3.0,0.7,0.0,0.7,1.3,0.3,0.0,1642272,Jared McCain,1610612760,16,17.8,7.3,3.9,0.4,1.9,1.8,0.8,6.9
1628991,Jaren Jackson Jr.,1610612762,14,28.7,13.0,4.4,4.7,5.2,1.4,2.1,17.9,1628991,Jaren Jackson Jr.,1610612762,24,29.4,13.6,4.6,3.7,5.0,2.0,2.0,17.4
1629020,Jarred Vanderbilt,1610612747,14,18.3,3.6,1.0,1.4,5.6,1.5,1.6,4.6,1629020,Jarred Vanderbilt,1610612747,16,17.2,3.5,1.1,1.3,5.3,1.4,1.4,4.4
1628386,Jarrett Allen,1610612739,12,25.9,10.1,0.3,5.0,7.8,1.8,1.6,15.6,1628386,Jarrett Allen,1610612739,16,25.9,9.4,0.3,4.4,7.3,1.8,1.6,14.0
1642859,Jase Richardson,1610612753,7,4.2,0.7,0.4,0.3,0.1,0.9,0.4,0.4,1642859,Jase Richardson,1610612753,15,6.7,2.5,1.1,0.7,0.9,1.0,0.3,3.7
1642914,Javon Small,1610612763,8,12.4,3.5,2.4,1.3,1.0,2.8,1.0,4.3,1642914,Javon Small,1610612763,8,12.4,3.5,2.4,1.3,1.0,2.8,1.0,4.3
1629750,Javonte Green,1610612765,13,22.6,6.2,3.2,2.4,3.8,1.3,0.8,7.2,1629750,Javonte Green,1610612765,26,18.4,5.2,2.7,1.6,2.5,0.8,0.7,6.7
1629637,Jaxson Hayes,1610612747,11,16.8,3.2,0.1,1.0,4.2,1.2,0.5,5.1,1629637,Jaxson Hayes,1610612747,22,16.9,3.0,0.0,1.5,4.2,1.0,0.5,5.5
1630643,Jay Huff,1610612754,13,14.9,5.2,3.5,1.0,3.1,0.8,0.6,5.5,1630643,Jay Huff,1610612754,26,19.4,6.5,4.6,1.3,3.7,1.3,0.7,8.1
1627759,Jaylen Brown,1610612738,13,31.6,19.8,5.5,5.8,5.1,4.2,3.4,27.0,1627759,Jaylen Brown,1610612738,25,33.7,21.5,5.8,7.4,6.2,4.9,3.6,29.3
1641740,Jaylen Clark,1610612750,11,16.2,3.7,1.6,1.5,2.1,0.8,0.5,5.0,1641740,Jaylen Clark,1610612750,24,15.0,3.7,1.9,1.3,2.2,0.5,0.3,4.5
1642377,Jaylen Wells,1610612763,14,25.3,9.6,5.3,1.5,3.6,1.5,0.9,9.5,1642377,Jaylen Wells,1610612763,26,26.8,9.6,5.0,2.8,3.6,1.7,0.8,12.6
1631119,Jaylin Williams,1610612760,13,19.0,5.5,4.8,0.5,4.8,2.4,0.8,5.4,1631119,Jaylin Williams,1610612760,25,18.3,5.0,4.1,1.2,4.7,2.4,1.0,5.5
1642281,Jaylon Tyson,1610612739,11,25.8,8.2,4.7,1.2,4.0,1.8,1.0,11.1,1642281,Jaylon Tyson,1610612739,22,28.2,9.4,4.5,1.5,5.7,1.9,0.9,13.1
201145,Jeff Green,1610612745,5,4.2,1.2,1.2,0.0,0.4,0.0,0.0,2.4,201145,Jeff Green,1610612745,10,4.8,1.6,1.2,0.0,0.4,0.1,0.0,2.1
203924,Jerami Grant,1610612757,12,26.9,10.9,4.8,6.2,2.8,2.3,1.7,17.7,203924,Jerami Grant,1610612757,25,29.9,13.6,6.3,6.4,3.8,2.6,2.2,20.0
1642847,Jeremiah Fears,1610612740,12,26.5,12.8,3.6,2.6,2.9,3.1,2.4,14.4,1642847,Jeremiah Fears,1610612740,27,27.6,13.1,3.3,3.4,3.4,3.1,2.3,15.7
1630526,Jeremiah Robinson-Earl,1610612742,8,20.8,5.6,1.9,1.1,6.4,0.9,0.8,5.6,1630526,Jeremiah Robinson-Earl,1610612742,17,17.6,4.9,1.9,0.8,5.2,0.7,0.6,4.6
1631110,Jeremy Sochan,1610612752,6,14.5,3.7,1.2,1.3,2.3,1.5,1.0,5.8,1631110,Jeremy Sochan,1610612752,17,16.3,5.0,1.5,0.9,3.6,1.4,0.9,6.1
1630579,Jericho Sims,1610612749,9,6.8,0.4,0.0,0.4,1.8,0.3,0.4,1.0,1630579,Jericho Sims,1610612749,21,14.9,1.6,0.0,0.4,3.7,0.7,0.8,2.9
1641724,Jett Howard,1610612753,9,7.1,2.6,2.1,0.0,0.4,0.6,0.1,2.6,1641724,Jett Howard,1610612753,17,10.4,4.5,2.9,0.3,1.2,0.7,0.1,5.4
1628975,Jevon Carter,1610612753,3,12.6,2.7,2.3,0.7,1.0,2.0,0.3,5.7,1628975,Jevon Carter,1610612753,14,14.3,5.4,4.1,0.7,1.4,1.2,0.6,6.9
202710,Jimmy Butler III,1610612744,13,30.8,11.4,2.4,7.5,5.5,4.4,1.2,19.2,202710,Jimmy Butler III,1610612744,23,31.2,11.4,2.0,7.8,5.9,5.0,1.4,19.1
1642866,Joan Beringer,1610612750,8,3.7,0.9,0.0,0.1,1.0,0.0,0.3,1.5,1642866,Joan Beringer,1610612750,9,4.1,1.2,0.0,0.3,1.3,0.0,0.2,2.0
1629111,Jock Landale,1610612737,14,24.4,7.4,2.5,1.6,5.4,1.7,1.1,10.3,1629111,Jock Landale,1610612737,26,21.9,7.8,2.4,2.0,5.5,1.5,1.0,10.7
204060,Joe Ingles,1610612750,4,4.0,0.5,0.5,0.0,0.0,1.3,0.0,0.0,204060,Joe Ingles,1610612750,8,2.9,0.3,0.3,0.0,0.0,0.8,0.0,0.0
203954,Joel Embiid,1610612755,6,23.3,14.5,4.7,5.8,5.5,3.3,2.7,19.7,203954,Joel Embiid,1610612755,11,26.1,16.2,4.8,7.0,6.6,2.8,2.5,20.5
1628381,John Collins,1610612746,12,24.8,9.0,2.7,2.2,4.8,0.8,2.2,11.6,1628381,John Collins,1610612746,26,26.9,9.5,2.9,2.2,4.5,0.7,1.5,12.0
1629723,John Konchar,1610612762,12,11.5,1.8,1.2,0.1,2.3,0.9,0.3,2.6,1629723,John Konchar,1610612762,22,13.0,2.3,1.3,0.4,2.7,1.2,0.3,3.0
1641780,Johni Broome,1610612755,2,2.9,2.5,0.5,0.0,1.0,0.5,0.0,2.0,1641780,Johni Broome,1610612755,6,6.5,3.3,0.5,0.7,2.2,0.7,0.3,1.7
1642277,Johnny Furphy,1610612754,3,12.2,2.0,1.0,0.0,2.0,0.0,1.0,2.7,1642277,Johnny Furphy,1610612754,8,11.9,2.1,1.1,0.3,2.0,0.1,0.6,2.3
1630548,Johnny Juzang,1610612750,6,3.0,1.2,0.8,0.3,0.5,0.2,0.2,1.0,1630548,Johnny Juzang,1610612750,8,2.8,1.1,0.9,0.3,0.4,0.1,0.1,1.1
202685,Jonas Valanciunas,1610612743,12,12.5,6.0,0.5,2.6,4.9,1.3,1.0,8.7,202685,Jonas Valanciunas,1610612743,25,12.8,5.8,0.4,1.8,4.6,1.2,1.0,8.4
1628371,Jonathan Isaac,1610612753,12,9.4,2.2,1.3,1.0,2.6,0.1,0.3,2.6,1628371,Jonathan Isaac,1610612753,23,10.2,2.4,1.1,1.0,3.2,0.1,0.3,2.9
1630228,Jonathan Kuminga,1610612737,13,27.7,10.5,2.8,3.7,6.6,2.8,2.7,13.8,1630228,Jonathan Kuminga,1610612737,17,25.6,10.4,2.9,3.2,6.3,2.6,2.5,12.4
1642367,Jonathan Mogbo,1610612761,7,5.0,0.9,0.0,0.0,1.3,0.6,0.1,0.9,1642367,Jonathan Mogbo,1610612761,11,4.6,1.1,0.0,0.1,1.4,0.5,0.1,1.2
203903,Jordan Clarkson,1610612752,12,17.3,7.7,4.1,1.8,1.8,1.6,0.9,10.3,203903,Jordan Clarkson,1610612752,25,19.8,8.4,3.9,1.7,2.0,1.6,1.2,9.6
1630692,Jordan Goodwin,1610612756,10,16.2,5.4,3.1,0.7,3.4,2.0,1.1,5.9,1630692,Jordan Goodwin,1610612756,23,20.4,8.0,3.7,0.5,4.1,2.0,1.2,8.6
1641722,Jordan Hawkins,1610612740,11,14.0,4.8,2.7,0.6,1.7,0.5,0.4,3.9,1641722,Jordan Hawkins,1610612740,22,14.3,5.5,3.1,0.5,1.6,0.9,0.5,5.1
1629162,Jordan McLaughlin,1610612759,8,9.2,3.0,1.9,0.4,0.8,1.3,0.3,3.5,1629162,Jordan McLaughlin,1610612759,9,8.3,2.7,1.7,0.3,0.7,1.1,0.2,3.1
1641757,Jordan Miller,1610612746,2,18.9,6.5,4.0,3.0,3.0,0.5,1.0,12.0,1641757,Jordan Miller,1610612746,5,15.2,5.0,2.6,3.2,3.0,1.2,1.0,8.8
1629673,Jordan Poole,1610612740,7,30.3,14.1,8.4,4.6,1.7,3.4,2.1,17.3,1629673,Jordan Poole,1610612740,9,29.5,14.8,8.8,4.1,1.7,3.4,1.9,17.7
1641775,Jordan Walsh,1610612738,9,15.5,3.8,1.8,0.2,4.0,0.8,0.2,4.4,1641775,Jordan Walsh,1610612738,22,21.3,4.8,1.9,1.1,5.0,1.0,0.6,7.7
1630631,Jose Alvarado,1610612752,11,19.1,5.5,3.5,0.9,2.5,2.5,0.8,6.8,1630631,Jose Alvarado,1610612752,26,22.3,7.3,4.6,0.7,2.9,3.2,1.3,8.7
1630581,Josh Giddey,1610612741,9,34.1,16.6,4.3,5.9,9.6,9.3,3.4,21.4,1630581,Josh Giddey,1610612741,23,33.7,14.7,4.5,5.8,9.3,8.8,3.7,20.1
1628404,Josh Hart,1610612752,11,24.7,7.3,3.1,1.2,6.6,4.3,1.7,8.7,1628404,Josh Hart,1610612752,24,29.7,9.1,4.0,1.9,7.7,5.0,2.1,12.4
1631169,Josh Minott,1610612751,12,20.9,6.3,3.2,1.4,5.7,1.5,0.8,8.1,1631169,Josh Minott,1610612751,25,19.0,5.0,2.8,1.0,4.4,1.3,0.6,7.0
1629006,Josh Okogie,1610612745,11,22.7,5.7,3.2,1.8,2.3,1.3,0.6,8.6,1629006,Josh Okogie,1610612745,23,21.2,5.1,2.7,1.5,3.0,1.0,0.9,7.0
201950,Jrue Holiday,1610612757,12,33.4,13.8,7.1,2.1,5.3,8.3,2.9,16.7,201950,Jrue Holiday,1610612757,12,33.4,13.8,7.1,2.1,5.3,8.3,2.9,16.7
1630577,Julian Champagnie,1610612759,12,27.6,7.1,5.4,2.3,4.8,1.3,1.3,9.6,1630577,Julian Champagnie,1610612759,25,28.7,8.2,6.1,2.0,5.5,1.5,1.0,11.0
1641763,Julian Phillips,1610612750,10,6.0,1.5,0.7,0.0,0.7,0.1,0.1,0.9,1641763,Julian Phillips,1610612750,22,10.1,2.5,1.4,0.3,1.4,0.3,0.1,2.8
1631124,Julian Strawther,1610612743,9,7.9,3.3,1.8,1.4,1.6,0.4,0.3,3.7,1631124,Julian Strawther,1610612743,9,7.9,3.3,1.8,1.4,1.6,0.4,0.3,3.7
203944,Julius Randle,1610612750,13,33.6,16.2,4.9,6.9,7.4,6.2,2.6,25.5,203944,Julius Randle,1610612750,26,33.8,15.6,5.0,7.0,7.3,5.8,2.7,23.1
1630551,Justin Champagnie,1610612764,11,8.6,2.0,0.8,1.4,3.1,0.4,0.2,2.5,1630551,Justin Champagnie,1610612764,22,14.2,4.0,1.4,1.3,4.4,0.9,0.3,5.0
1642348,Justin Edwards,1610612755,10,13.6,4.7,3.4,0.3,1.5,0.9,0.5,6.7,1642348,Justin Edwards,1610612755,22,16.9,5.4,3.5,0.5,1.9,1.5,0.8,5.6
203994,Jusuf Nurkić,1610612762,12,23.0,7.3,1.9,2.6,9.2,3.5,2.8,7.4,203994,Jusuf Nurkić,1610612762,23,24.2,7.4,1.5,2.4,9.6,3.9,2.5,8.4
1642354,KJ Simpson,1610612743,6,14.9,6.2,2.3,0.7,2.3,3.0,1.7,5.7,1642354,KJ Simpson,1610612743,13,16.2,6.3,2.8,1.2,2.2,2.5,1.7,6.2
1626157,Karl-Anthony Towns,1610612752,12,33.1,15.8,5.8,6.6,12.5,3.3,2.5,21.8,1626157,Karl-Anthony Towns,1610612752,24,33.2,15.4,5.2,6.7,11.9,3.2,2.4,22.4
1631255,Karlo Matković,1610612740,10,9.5,2.9,0.5,0.8,2.5,0.5,0.3,4.5,1631255,Karlo Matković,1610612740,17,11.0,3.1,0.7,0.5,2.8,0.8,0.4,4.7
202695,Kawhi Leonard,1610612746,6,33.5,17.5,5.8,4.5,5.7,3.5,1.8,24.3,202695,Kawhi Leonard,1610612746,16,32.6,18.6,6.1,4.8,5.6,3.1,1.8,25.0
1630811,Keaton Wallace,1610612737,12,16.4,4.2,2.4,0.3,2.0,3.2,0.8,4.7,1630811,Keaton Wallace,1610612737,25,14.0,3.8,2.4,0.4,1.5,2.6,0.7,4.2
1642276,Kel'el Ware,1610612748,13,24.0,8.1,2.7,1.8,9.2,0.7,1.0,10.8,1642276,Kel'el Ware,1610612748,26,23.9,8.1,2.3,1.9,10.2,0.5,1.2,11.1
1629640,Keldon Johnson,1610612759,12,23.2,7.8,2.0,2.2,5.7,1.8,0.8,10.8,1629640,Keldon Johnson,1610612759,25,23.6,8.5,2.6,2.8,6.5,1.6,1.0,12.7
203482,Kelly Olynyk,1610612759,3,6.3,1.0,0.0,0.0,1.7,1.7,0.3,2.0,203482,Kelly Olynyk,1610612759,14,11.2,2.9,1.5,1.5,2.5,1.7,0.8,4.5
1626162,Kelly Oubre Jr.,1610612755,12,34.8,12.4,5.6,3.2,5.1,1.3,1.5,16.8,1626162,Kelly Oubre Jr.,1610612755,12,34.8,12.4,5.6,3.2,5.1,1.3,1.5,16.8
203484,Kentavious Caldwell-Pope,1610612763,14,23.4,7.2,3.4,2.0,2.6,3.1,1.1,7.9,203484,Kentavious Caldwell-Pope,1610612763,26,22.0,6.6,3.3,1.5,2.5,3.3,1.2,7.5
1631165,Keon Ellis,1610612739,13,19.1,5.5,4.0,0.8,1.5,0.7,0.5,7.5,1631165,Keon Ellis,1610612739,24,16.9,4.6,3.4,0.8,1.3,0.7,0.4,5.3
1642352,Keshad Johnson,1610612748,4,5.5,3.0,1.5,0.0,1.5,0.0,0.3,1.8,1642352,Keshad Johnson,1610612748,10,11.9,3.8,1.6,1.3,3.0,0.1,0.3,3.9
201142,Kevin Durant,1610612745,11,35.3,16.5,4.3,7.5,4.6,3.2,2.8,25.1,201142,Kevin Durant,1610612745,21,35.8,17.1,4.5,6.6,4.6,4.0,3.0,24.8
1628989,Kevin Huerter,1610612765,11,26.1,10.8,4.9,2.5,3.9,3.0,1.7,14.6,1628989,Kevin Huerter,1610612765,20,24.1,9.7,4.9,1.7,3.3,2.3,1.4,12.2
201567,Kevin Love,1610612762,6,13.4,2.8,2.5,1.7,3.7,2.7,1.2,4.0,201567,Kevin Love,1610612762,15,15.0,4.9,3.5,1.2,4.5,1.7,0.7,6.5
1629645,Kevin Porter Jr.,1610612749,1,9.4,5.0,3.0,2.0,0.0,2.0,0.0,10.0,1629645,Kevin Porter Jr.,1610612749,8,29.4,12.5,5.3,4.3,4.3,6.9,2.9,19.3
1626172,Kevon Looney,1610612740,7,14.1,3.3,0.9,0.9,3.9,1.6,0.7,2.9,1626172,Kevon Looney,1610612740,12,12.9,2.8,0.6,0.5,3.9,1.4,0.5,2.7
1641718,Keyonte George,1610612762,12,33.6,15.3,6.1,7.3,4.1,7.1,3.3,21.3,1641718,Keyonte George,1610612762,25,33.7,16.3,6.6,7.2,4.0,6.8,3.5,23.5
1642863,Khaman Maluach,1610612756,7,5.0,1.0,0.4,1.1,0.9,0.1,0.7,1.9,1642863,Khaman Maluach,1610612756,12,4.9,1.1,0.3,0.7,1.0,0.2,0.4,1.4
203114,Khris Middleton,1610612742,9,24.5,8.1,2.8,1.6,3.8,2.4,1.7,9.4,203114,Khris Middleton,1610612742,16,25.8,8.5,2.5,1.6,4.2,3.5,1.8,10.4
202691,Klay Thompson,1610612742,12,21.3,9.5,7.2,0.5,2.8,1.9,1.2,8.8,202691,Klay Thompson,1610612742,25,21.7,10.5,7.8,0.6,2.6,1.3,0.8,11.1
1641738,Kobe Brown,1610612754,7,8.5,1.6,0.9,0.6,2.1,1.0,0.4,2.1,1641738,Kobe Brown,1610612754,17,12.8,3.6,2.4,0.9,2.3,1.1,0.6,4.1
1642920,Kobe Sanders,1610612746,4,11.7,4.0,2.8,0.5,0.8,1.3,1.0,3.5,1642920,Kobe Sanders,1610612746,18,19.0,5.0,2.7,1.3,1.9,1.2,1.4,6.4
1642886,Koby Brea,1610612756,1,4.1,2.0,1.0,2.0,0.0,1.0,0.0,4.0,1642886,Koby Brea,1610612756,2,3.9,1.5,1.0,1.0,0.5,1.0,0.0,2.0
1642851,Kon Knueppel,1610612766,13,32.7,13.0,7.8,2.5,5.9,2.8,2.5,17.2,1642851,Kon Knueppel,1610612766,26,34.0,14.2,8.5,2.4,5.4,3.5,2.3,19.0
1627739,Kris Dunn,1610612746,12,25.7,5.8,2.3,1.2,2.4,2.2,1.3,7.3,1627739,Kris Dunn,1610612746,26,26.3,6.4,2.7,1.1,2.7,2.9,1.3,8.1
1631200,Kris Murray,1610612757,11,21.9,4.9,1.5,0.5,3.0,1.0,0.6,5.3,1631200,Kris Murray,1610612757,24,25.0,4.9,2.0,0.9,4.0,1.1,0.9,5.5
204001,Kristaps Porziņģis,1610612744,9,25.8,12.7,5.0,5.7,5.7,3.7,1.1,17.3,204001,Kristaps Porziņģis,1610612744,13,25.9,12.8,5.1,5.3,5.6,3.1,0.9,19.2
203937,Kyle Anderson,1610612750,3,16.3,5.7,0.0,2.3,2.3,3.0,1.0,7.0,203937,Kyle Anderson,1610612750,9,17.9,5.4,0.1,1.7,2.6,3.1,1.0,6.7
1642271,Kyle Filipowski,1610612762,12,19.7,6.5,2.9,2.3,5.3,2.4,1.3,7.8,1642271,Kyle Filipowski,1610612762,24,23.1,7.5,2.8,2.5,6.4,2.3,1.2,10.0
1628398,Kyle Kuzma,1610612749,13,26.0,9.9,3.3,3.2,4.4,1.7,1.3,13.5,1628398,Kyle Kuzma,1610612749,26,26.2,10.1,2.7,3.0,4.6,2.2,1.6,13.5
200768,Kyle Lowry,1610612755,1,3.2,1.0,1.0,0.0,0.0,1.0,0.0,3.0,200768,Kyle Lowry,1610612755,4,8.1,1.3,1.3,0.0,0.5,1.3,0.3,1.5
1642273,Kyshawn George,1610612764,11,30.9,11.8,5.4,2.5,6.1,4.5,3.2,15.8,1642273,Kyshawn George,1610612764,22,31.4,11.4,5.6,2.5,5.8,4.9,3.3,14.9
1630163,LaMelo Ball,1610612766,7,32.5,18.4,9.4,4.6,7.1,9.9,3.4,22.3,1630163,LaMelo Ball,1610612766,16,28.9,17.3,8.6,4.1,6.0,8.5,3.3,19.4
1629013,Landry Shamet,1610612752,12,20.7,6.3,4.7,2.1,2.0,0.9,0.5,10.0,1629013,Landry Shamet,1610612752,15,20.9,6.2,4.4,2.3,2.0,1.2,0.5,9.3
1626204,Larry Nance Jr.,1610612739,12,15.0,4.4,2.2,0.3,3.2,1.3,0.8,3.7,1626204,Larry Nance Jr.,1610612739,16,15.0,4.1,2.1,0.2,2.8,1.3,0.6,3.6
1628374,Lauri Markkanen,1610612762,12,35.3,20.6,9.1,6.6,6.1,2.1,1.4,29.3,1628374,Lauri Markkanen,1610612762,24,35.3,19.8,8.3,7.0,7.0,2.1,1.3,27.8
1631159,Leonard Miller,1610612741,7,3.9,1.4,0.4,0.7,1.1,0.1,0.4,2.1,1631159,Leonard Miller,1610612741,9,4.3,1.3,0.6,0.6,1.2,0.4,0.4,1.7
1642862,Liam McNeeley,1610612766,9,12.5,3.2,2.0,1.7,1.9,1.2,0.6,4.1,1642862,Liam McNeeley,1610612766,18,14.1,3.7,2.4,1.3,2.4,0.9,0.6,4.9
1630322,Lindy Waters III,1610612759,5,8.2,2.0,2.0,0.0,0.8,0.6,0.0,3.0,1630322,Lindy Waters III,1610612759,12,6.9,1.9,1.8,0.0,1.2,0.4,0.1,2.1
1628366,Lonzo Ball,1610612739,11,23.0,5.9,4.8,0.7,4.0,5.4,2.4,6.4,1628366,Lonzo Ball,1610612739,20,24.0,6.4,5.2,0.8,4.6,4.8,1.8,5.6
1629652,Luguentz Dort,1610612760,8,30.6,7.3,4.8,1.3,4.9,1.5,0.8,6.6,1629652,Luguentz Dort,1610612760,17,28.3,7.4,5.2,0.8,3.8,1.2,0.6,7.9
1629029,Luka Dončić,1610612747,10,37.1,22.6,11.0,12.2,8.9,8.9,3.7,34.4,1629029,Luka Dončić,1610612747,19,37.3,23.1,10.7,12.3,8.7,8.8,4.4,34.7
1630568,Luka Garza,1610612738,12,14.2,4.6,1.6,1.8,4.2,0.9,0.4,6.8,1630568,Luka Garza,1610612738,19,13.1,3.7,1.3,1.6,3.5,0.8,0.4,6.1
1628379,Luke Kennard,1610612747,11,23.9,6.4,3.6,1.2,2.4,1.9,1.4,9.1,1628379,Luke Kennard,1610612747,24,20.5,5.2,3.2,1.0,2.0,2.3,1.0,7.2
1628436,Luke Kornet,1610612759,5,22.0,5.2,0.0,2.4,5.6,2.0,0.4,9.6,1628436,Luke Kornet,1610612759,17,25.4,4.4,0.0,2.4,6.4,2.2,0.6,7.4
1631247,Luke Travers,1610612739,6,7.8,2.7,1.0,1.0,1.8,0.7,0.2,1.7,1631247,Luke Travers,1610612739,11,8.9,3.1,1.5,0.8,1.9,0.8,0.2,2.2
1630644,Mac McClung,1610612741,3,11.3,6.0,3.3,1.3,1.3,0.3,0.7,6.3,1630644,Mac McClung,1610612741,3,11.3,6.0,3.3,1.3,1.3,0.3,0.7,6.3
1631103,Malaki Branham,1610612764,5,6.9,2.2,1.0,1.6,1.6,0.6,0.2,3.8,1631103,Malaki Branham,1610612764,11,8.0,2.5,1.0,1.8,1.6,0.9,0.5,3.6
1628370,Malik Monk,1610612758,10,23.9,9.7,4.3,1.6,1.5,2.2,1.0,12.8,1628370,Malik Monk,1610612758,23,23.9,10.7,4.7,2.0,2.1,2.5,1.2,13.0
203935,Marcus Smart,1610612747,11,29.2,7.9,4.7,2.9,2.4,3.3,2.4,10.2,203935,Marcus Smart,1610612747,16,27.2,7.9,5.1,2.3,2.4,2.9,1.9,10.3
1641813,Mark Sears,1610612749,5,4.2,1.8,1.0,1.6,0.2,0.2,0.8,3.8,1641813,Mark Sears,1610612749,7,3.7,1.9,1.1,1.1,0.3,0.3,0.6,3.1
1631109,Mark Williams,1610612756,11,25.2,7.5,0.0,3.4,8.8,0.9,0.7,11.7,1631109,Mark Williams,1610612756,22,25.0,7.9,0.0,3.7,8.3,1.1,1.0,13.3
1628963,Marvin Bagley III,1610612742,12,14.5,4.6,0.5,1.5,4.3,1.3,0.9,7.5,1628963,Marvin Bagley III,1610612742,20,19.3,6.4,0.5,2.3,5.7,1.4,1.1,9.6
203486,Mason Plumlee,1610612759,6,5.0,0.3,0.0,0.7,0.8,0.3,0.3,1.0,203486,Mason Plumlee,1610612759,11,9.5,0.7,0.0,1.0,3.0,1.4,0.5,1.9
1641824,Matas Buzelis,1610612741,11,28.7,11.2,4.5,2.7,5.7,1.2,2.2,14.9,1641824,Matas Buzelis,1610612741,25,28.2,10.5,4.4,2.7,5.5,1.6,1.9,13.6
1629680,Matisse Thybulle,1610612757,4,12.2,2.5,1.5,1.0,1.0,0.8,0.3,5.0,1629680,Matisse Thybulle,1610612757,4,12.2,2.5,1.5,1.0,1.0,0.8,0.3,5.0
1631108,Max Christie,1610612742,13,30.8,9.5,5.9,1.5,3.5,2.6,1.1,12.8,1631108,Max Christie,1610612742,27,29.0,8.3,5.3,1.6,3.4,2.0,1.1,11.8
1628467,Maxi Kleber,1610612747,3,15.9,1.3,1.0,0.7,2.3,1.3,0.0,2.3,1628467,Maxi Kleber,1610612747,10,12.1,1.5,0.8,0.4,1.8,0.6,0.2,1.8
1642875,Maxime Raynaud,1610612758,6,12.3,3.8,0.5,1.5,3.7,0.7,1.0,4.3,1642875,Maxime Raynaud,1610612758,18,18.5,6.6,0.8,1.8,4.7,0.9,0.8,8.5
1642877,Micah Peavy,1610612740,8,11.2,2.9,1.1,0.3,2.3,0.6,0.3,1.8,1642877,Micah Peavy,1610612740,22,16.1,5.1,1.6,0.6,2.5,1.1,0.4,4.9
1629008,Michael Porter Jr.,1610612751,11,32.4,18.2,8.9,4.0,7.7,3.0,2.4,23.2,1629008,Michael Porter Jr.,1610612751,21,32.6,18.4,9.0,4.6,7.3,3.2,2.3,25.6
1628969,Mikal Bridges,1610612752,12,34.7,12.0,6.0,1.7,4.5,4.9,0.9,15.6,1628969,Mikal Bridges,1610612752,25,34.8,12.3,5.4,1.5,4.6,4.2,1.0,16.4
201144,Mike Conley,1610612750,13,20.5,4.4,2.9,1.2,2.0,3.5,1.0,6.2,201144,Mike Conley,1610612750,24,19.1,4.3,3.0,1.2,1.8,3.2,0.7,5.3
1628970,Miles Bridges,1610612766,13,35.0,17.2,9.1,4.8,6.9,4.0,1.5,22.1,1628970,Miles Bridges,1610612766,26,34.9,17.2,7.7,4.7,6.3,3.8,1.5,21.3
1642939,Miles Kelly,1610612742,1,2.2,0.0,0.0,0.0,0.0,0.0,1.0,0.0,1642939,Miles Kelly,1610612742,2,5.6,1.0,0.5,0.0,2.0,0.0,0.5,1.0
1630540,Miles McBride,1610612752,10,22.8,7.6,5.0,0.9,2.6,2.7,0.8,8.5,1630540,Miles McBride,1610612752,20,26.9,9.1,6.2,1.2,2.6,2.5,0.8,11.6
1629011,Mitchell Robinson,1610612752,6,16.2,3.2,0.0,0.2,8.7,1.0,0.7,3.7,1629011,Mitchell Robinson,1610612752,17,17.5,2.4,0.0,1.6,8.2,1.0,0.8,3.6
1642885,Mohamed Diawara,1610612752,6,2.5,0.7,0.2,0.3,0.2,0.2,0.2,1.2,1642885,Mohamed Diawara,1610612752,17,3.3,0.8,0.4,0.1,0.6,0.5,0.3,0.7
1628420,Monte Morris,1610612754,5,12.5,3.8,1.6,0.8,1.4,1.8,0.2,3.2,1628420,Monte Morris,1610612754,6,10.8,3.3,1.3,0.7,1.2,1.5,0.3,3.0
1630541,Moses Moody,1610612744,12,23.5,8.7,6.2,2.2,2.7,1.6,1.2,11.6,1630541,Moses Moody,1610612744,25,24.7,9.0,6.1,2.1,3.2,1.5,1.1,11.6
1631243,Mouhamed Gueye,1610612737,13,17.0,5.4,2.5,0.8,4.0,1.5,0.8,6.7,1631243,Mouhamed Gueye,1610612737,27,16.9,4.8,2.0,0.9,3.6,0.9,0.7,5.7
1630619,Moussa Cisse,1610612742,9,11.2,2.3,0.0,1.7,3.9,0.1,1.0,4.3,1630619,Moussa Cisse,1610612742,19,10.2,2.0,0.0,1.6,3.5,0.2,0.7,3.1
1631217,Moussa Diabaté,1610612766,13,23.0,5.8,0.0,3.9,8.0,1.0,0.8,10.5,1631217,Moussa Diabaté,1610612766,25,22.0,4.9,0.0,2.9,7.6,1.1,0.8,8.3
1626167,Myles Turner,1610612749,14,29.5,9.6,5.6,2.1,6.2,1.9,1.4,12.1,1626167,Myles Turner,1610612749,27,28.5,9.3,5.7,2.8,5.5,1.6,1.1,12.2
1642066,Myron Gardner,1610612748,1,2.7,1.0,1.0,0.0,1.0,1.0,0.0,3.0,1642066,Myron Gardner,1610612748,4,2.4,0.5,0.5,0.0,0.5,0.3,0.0,1.5
1642368,N'Faly Dante,1610612737,4,3.9,1.0,0.0,0.3,1.8,0.0,0.3,0.8,1642368,N'Faly Dante,1610612737,4,3.9,1.0,0.0,0.3,1.8,0.0,0.3,0.8
1641772,Nae'Qwan Tomlin,1610612739,5,12.8,5.0,1.4,2.0,3.6,0.6,0.2,7.0,1641772,Nae'Qwan Tomlin,1610612739,18,16.5,5.4,1.9,1.4,3.4,0.6,0.4,6.8
1630230,Naji Marshall,1610612742,13,26.4,7.8,2.8,4.1,4.6,2.4,0.8,11.7,1630230,Naji Marshall,1610612742,27,28.0,8.4,3.1,3.8,4.7,2.5,1.1,12.8
1629675,Naz Reid,1610612750,13,24.3,10.0,5.3,1.5,5.6,2.1,1.4,11.5,1629675,Naz Reid,1610612750,26,26.4,11.3,6.2,1.3,6.1,2.5,1.4,13.9
1629674,Neemias Queta,1610612738,13,23.9,5.9,0.2,2.0,8.1,1.6,1.0,8.9,1629674,Neemias Queta,1610612738,24,24.7,6.7,0.1,2.0,8.2,1.6,0.8,9.9
1629651,Nic Claxton,1610612751,12,29.3,9.7,0.5,4.8,6.9,3.7,1.3,15.0,1629651,Nic Claxton,1610612751,25,30.2,9.3,0.4,4.5,7.6,4.4,1.5,13.4
1630208,Nick Richards,1610612741,13,10.1,2.6,0.0,1.8,3.4,0.4,0.8,4.2,1630208,Nick Richards,1610612741,24,9.4,2.5,0.0,1.2,3.3,0.3,1.0,3.4
1641733,Nick Smith Jr.,1610612747,6,15.0,6.2,3.0,0.5,1.0,2.2,1.7,7.0,1641733,Nick Smith Jr.,1610612747,9,14.8,6.2,3.2,0.7,1.1,1.6,1.2,7.8
1629638,Nickeil Alexander-Walker,1610612737,11,29.9,13.0,5.6,4.6,2.8,3.5,2.6,17.1,1629638,Nickeil Alexander-Walker,1610612737,25,32.7,15.2,7.4,4.3,3.6,3.4,2.2,20.4
201587,Nicolas Batum,1610612746,12,17.4,3.8,3.4,0.2,2.6,0.8,0.5,3.5,201587,Nicolas Batum,1610612746,25,19.7,3.8,3.6,0.3,2.8,0.8,0.7,4.5
1628502,Nigel Hayes-Davis,1610612756,11,8.5,1.9,0.7,0.0,1.2,0.5,0.5,1.7,1628502,Nigel Hayes-Davis,1610612756,18,9.1,2.1,0.8,0.1,1.3,0.3,0.3,1.4
203999,Nikola Jokić,1610612743,12,34.1,16.0,4.5,6.0,13.0,10.9,3.3,28.7,203999,Nikola Jokić,1610612743,25,35.0,17.5,5.1,7.4,12.4,10.8,3.4,29.8
1631107,Nikola Jović,1610612748,13,21.8,7.3,3.6,2.7,4.6,3.2,1.9,9.1,1631107,Nikola Jović,1610612748,19,18.3,6.2,3.2,2.1,3.5,2.6,1.8,7.2
202696,Nikola Vučević,1610612738,11,30.8,12.5,4.1,2.1,9.9,3.6,1.9,16.1,202696,Nikola Vučević,1610612738,24,30.1,13.1,4.8,1.6,9.1,3.4,1.7,15.6
1642363,Nique Clifford,1610612758,9,20.2,5.3,2.3,0.9,3.3,2.4,0.8,5.1,1642363,Nique Clifford,1610612758,22,16.6,4.1,1.8,0.8,2.5,1.4,0.9,4.1
1641730,Noah Clowney,1610612751,12,24.7,7.7,5.7,3.3,3.9,1.8,1.7,9.3,1641730,Noah Clowney,1610612751,25,28.0,9.6,6.4,3.7,3.8,1.8,1.8,13.4
1642869,Noah Penda,1610612753,7,6.7,1.6,0.3,0.6,1.9,0.9,0.4,2.4,1642869,Noah Penda,1610612753,13,8.7,2.7,0.8,0.8,3.2,1.1,0.5,3.6
1642849,Nolan Traore,1610612751,3,11.0,3.0,2.0,0.7,0.3,1.3,0.7,2.3,1642849,Nolan Traore,1610612751,6,8.9,2.0,1.2,0.3,0.7,1.3,0.3,1.2
1626181,Norman Powell,1610612748,10,31.3,16.4,7.3,7.3,4.1,2.4,2.2,26.1,1626181,Norman Powell,1610612748,21,30.8,16.2,7.0,6.3,3.7,2.5,1.9,24.4
1628384,OG Anunoby,1610612752,12,31.1,12.3,6.6,2.1,5.6,2.2,1.8,15.8,1628384,OG Anunoby,1610612752,16,31.2,12.1,6.1,2.4,5.4,2.0,1.9,16.2
1630167,Obi Toppin,1610612754,3,27.4,12.0,5.7,3.0,6.7,1.7,2.0,14.0,1630167,Obi Toppin,1610612754,3,27.4,12.0,5.7,3.0,6.7,1.7,2.0,14.0
1630534,Ochai Agbaji,1610612751,9,13.9,2.8,1.3,0.9,2.1,0.7,0.3,2.7,1630534,Ochai Agbaji,1610612751,19,15.0,3.6,1.2,0.7,2.2,0.8,0.3,3.5
1641765,Olivier-Maxence Prosper,1610612763,9,8.5,2.2,0.6,1.8,2.0,0.6,0.4,4.0,1641765,Olivier-Maxence Prosper,1610612763,14,8.8,2.7,0.7,1.7,2.3,0.4,0.4,3.8
1630168,Onyeka Okongwu,1610612737,13,28.7,10.5,4.1,3.5,8.2,2.3,1.5,14.8,1630168,Onyeka Okongwu,1610612737,26,30.9,12.2,5.2,2.8,7.5,3.1,2.1,16.1
1631115,Orlando Robinson,1610612753,1,1.9,0.0,0.0,0.0,0.0,0.0,0.0,0.0,1631115,Orlando Robinson,1610612753,3,7.2,1.7,0.7,0.0,1.0,0.7,0.0,2.3
1642345,Oso Ighodaro,1610612756,13,16.5,3.8,0.0,1.1,3.5,1.3,1.3,4.5,1642345,Oso Ighodaro,1610612756,26,17.5,3.8,0.0,1.0,3.7,1.8,1.3,4.8
1631172,Ousmane Dieng,1610612749,11,11.8,3.2,1.5,0.4,1.9,0.5,0.5,2.6,1631172,Ousmane Dieng,1610612749,17,12.5,3.6,1.9,0.4,1.8,0.9,0.4,4.4
1629023,P.J. Washington,1610612742,12,30.5,11.8,4.1,4.6,7.6,2.3,2.6,14.7,1629023,P.J. Washington,1610612742,22,31.9,13.5,4.7,4.0,7.9,2.1,2.5,16.2
1641790,PJ Hall,1610612766,7,3.8,1.3,0.4,0.4,1.3,0.3,0.1,1.9,1641790,PJ Hall,1610612766,7,3.8,1.3,0.4,0.4,1.3,0.3,0.1,1.9
1642359,Pacôme Dadiet,1610612752,5,2.9,0.8,0.2,0.4,0.6,0.4,0.0,0.8,1642359,Pacôme Dadiet,1610612752,9,2.4,0.7,0.3,0.2,0.6,0.2,0.0,0.4
1631094,Paolo Banchero,1610612753,12,32.8,14.8,3.7,9.3,8.7,4.1,2.7,21.7,1631094,Paolo Banchero,1610612753,16,31.6,14.5,4.0,8.3,7.9,3.8,2.6,20.5
1627783,Pascal Siakam,1610612754,12,35.0,19.3,5.1,8.0,7.1,5.1,2.4,24.6,1627783,Pascal Siakam,1610612754,25,34.0,18.3,4.7,6.7,6.8,4.0,2.1,23.8
1626192,Pat Connaughton,1610612766,9,9.5,2.9,1.8,0.6,2.0,0.7,0.3,3.7,1626192,Pat Connaughton,1610612766,12,9.7,3.1,2.0,0.8,1.9,0.6,0.3,4.3
1630311,Pat Spencer,1610612744,8,11.8,4.9,1.5,1.5,1.6,1.8,0.5,5.1,1630311,Pat Spencer,1610612744,19,16.0,6.3,1.8,1.1,2.4,3.2,0.9,7.4
1630172,Patrick Williams,1610612741,11,23.0,6.3,3.8,1.6,3.1,1.5,1.1,8.1,1630172,Patrick Williams,1610612741,24,21.3,6.7,3.7,1.4,3.4,1.3,1.0,7.6
1630194,Paul Reed,1610612765,11,12.8,4.6,0.6,0.7,4.8,1.2,1.2,7.1,1630194,Paul Reed,1610612765,19,11.6,4.3,0.7,1.1,4.5,1.2,1.1,6.5
1630202,Payton Pritchard,1610612738,13,31.8,13.1,7.4,2.5,4.0,5.2,1.4,15.3,1630202,Payton Pritchard,1610612738,26,32.4,14.0,8.1,1.9,4.3,5.0,1.2,16.7
1641796,Pelle Larsson,1610612748,13,21.5,6.5,3.1,2.1,2.4,2.7,1.2,9.9,1641796,Pelle Larsson,1610612748,24,21.9,6.7,3.1,2.3,2.5,3.2,1.0,8.7
1631250,Pete Nance,1610612749,1,4.3,5.0,3.0,0.0,1.0,0.0,0.0,10.0,1631250,Pete Nance,1610612749,7,3.8,2.0,1.3,0.0,1.0,0.1,0.1,2.6
1631212,Peyton Watson,1610612743,12,22.1,5.3,1.5,2.1,3.7,1.3,1.0,6.5,1631212,Peyton Watson,1610612743,25,26.2,7.8,2.8,2.2,4.8,1.6,1.2,10.5
1630173,Precious Achiuwa,1610612758,6,18.8,4.8,1.0,1.8,4.7,0.8,0.5,6.7,1630173,Precious Achiuwa,1610612758,19,20.3,6.0,0.8,1.9,5.5,0.9,0.4,7.9
1629656,Quentin Grimes,1610612755,12,30.9,11.3,6.2,4.4,4.0,4.4,3.2,16.6,1629656,Quentin Grimes,1610612755,24,33.4,11.8,6.5,4.0,4.2,4.5,2.6,16.2
1631245,Quenton Jackson,1610612754,5,20.1,7.4,2.4,3.6,3.4,3.6,1.2,11.8,1631245,Quenton Jackson,1610612754,6,18.1,6.7,2.3,3.3,3.3,3.0,1.0,10.0
1642366,Quinten Post,1610612744,14,14.6,4.6,3.2,0.4,3.6,0.9,0.6,5.6,1642366,Quinten Post,1610612744,27,18.1,6.6,4.3,0.6,4.0,1.5,0.8,7.8
1629628,RJ Barrett,1610612761,13,31.5,14.3,5.4,4.2,5.1,4.0,1.6,19.3,1629628,RJ Barrett,1610612761,17,30.9,13.9,5.1,4.7,4.8,3.8,1.5,19.4
1642853,Rasheer Fleming,1610612756,7,5.1,2.1,1.3,0.0,0.9,0.3,0.1,1.7,1642853,Rasheer Fleming,1610612756,13,5.9,2.5,1.4,0.4,1.2,0.2,0.2,2.4
1642484,RayJ Dennis,1610612737,11,14.7,6.4,3.4,0.8,1.7,2.3,1.3,5.8,1642484,RayJ Dennis,1610612737,13,12.9,5.5,2.9,0.7,1.6,2.0,1.1,4.9
1641712,Rayan Rupert,1610612763,6,5.9,1.2,0.7,0.3,0.8,0.3,0.2,1.0,1641712,Rayan Rupert,1610612763,19,8.4,2.2,1.1,0.2,1.7,0.4,0.5,2.0
1642263,Reed Sheppard,1610612745,11,22.4,9.4,5.9,0.6,2.3,3.2,1.4,12.3,1642263,Reed Sheppard,1610612745,23,25.2,10.4,5.9,1.0,3.1,3.1,1.3,12.9
1642434,Riley Minix,1610612739,3,2.8,2.0,1.0,0.0,0.7,0.3,0.0,3.0,1642434,Riley Minix,1610612739,3,2.8,2.0,1.0,0.0,0.7,0.3,0.0,3.0
1642265,Rob Dillingham,1610612741,11,11.2,4.5,0.9,1.0,1.1,2.2,1.3,4.6,1642265,Rob Dillingham,1610612741,23,10.5,4.3,1.0,0.6,1.1,1.9,1.0,3.8
1629057,Robert Williams III,1610612757,7,11.9,3.0,0.4,0.1,3.7,0.7,0.3,3.9,1629057,Robert Williams III,1610612757,16,15.6,4.0,0.5,0.7,5.8,0.9,0.6,5.9
1631199,Ron Harper Jr.,1610612738,3,5.2,2.3,2.0,0.0,1.0,1.0,0.0,2.7,1631199,Ron Harper Jr.,1610612738,4,5.1,2.5,2.0,0.0,0.8,1.0,0.0,2.0
1641842,Ronald Holland II,1610612765,13,23.8,8.8,3.5,1.7,3.8,1.8,1.8,9.2,1641842,Ronald Holland II,1610612765,26,20.9,7.2,2.7,1.9,3.4,1.6,1.4,8.2
1626220,Royce O'Neale,1610612756,13,29.9,9.0,7.5,0.5,5.5,3.2,1.6,12.2,1626220,Royce O'Neale,1610612756,26,29.5,8.7,7.1,0.4,5.3,2.8,1.5,10.6
203497,Rudy Gobert,1610612750,13,31.5,5.8,0.0,3.0,9.6,1.3,1.7,10.4,203497,Rudy Gobert,1610612750,26,31.1,6.3,0.0,3.8,10.3,1.9,1.4,11.5
1629060,Rui Hachimura,1610612747,13,34.6,10.5,4.0,2.3,3.8,1.3,1.2,15.8,1629060,Rui Hachimura,1610612747,24,32.9,9.6,4.2,1.5,3.9,0.9,0.9,13.3
201566,Russell Westbrook,1610612758,13,28.0,11.7,5.2,2.8,6.5,6.4,3.1,14.4,201566,Russell Westbrook,1610612758,26,28.7,11.9,5.0,2.5,6.8,7.3,3.3,13.8
1642346,Ryan Dunn,1610612756,13,23.9,7.2,3.1,0.8,5.2,1.6,1.0,8.4,1642346,Ryan Dunn,1610612756,21,22.9,6.6,2.7,0.9,4.9,1.9,1.0,7.4
1641750,Ryan Kalkbrenner,1610612766,12,26.5,5.5,0.1,1.4,6.8,0.4,1.7,10.2,1641750,Ryan Kalkbrenner,1610612766,24,25.6,4.8,0.0,1.8,6.5,0.5,1.2,8.9
1642948,Ryan Nembhard,1610612742,5,9.0,3.0,0.8,0.6,0.2,1.8,1.2,3.2,1642948,Ryan Nembhard,1610612742,14,20.1,6.9,2.6,0.2,1.7,5.2,1.5,8.6
1631157,Ryan Rollins,1610612749,14,31.1,12.4,5.0,2.1,3.8,5.4,2.4,16.9,1631157,Ryan Rollins,1610612749,27,31.7,13.9,5.7,2.0,4.0,6.0,2.6,17.0
1630180,Saddiq Bey,1610612740,12,27.4,10.3,5.4,2.1,4.6,2.1,0.6,12.5,1630180,Saddiq Bey,1610612740,26,29.2,11.4,5.1,3.0,6.0,2.3,0.6,14.2
1630573,Sam Hauser,1610612738,13,22.6,7.2,6.3,0.3,3.3,1.3,0.7,7.0,1630573,Sam Hauser,1610612738,26,21.6,6.6,5.8,0.2,3.4,1.3,0.5,6.6
1630241,Sam Merrill,1610612739,11,25.8,9.6,8.2,1.5,1.8,2.5,0.8,13.4,1630241,Sam Merrill,1610612739,12,25.9,9.7,8.3,1.3,2.1,2.3,0.8,13.9
1630572,Sandro Mamukelashvili,1610612761,12,18.1,5.8,2.4,2.1,3.6,1.9,0.9,9.6,1630572,Sandro Mamukelashvili,1610612761,26,19.5,7.1,2.8,1.9,4.4,1.7,0.8,9.8
1630583,Santi Aldama,1610612763,14,25.6,10.6,4.6,2.4,6.9,2.5,1.3,12.6,1630583,Santi Aldama,1610612763,26,26.6,10.6,4.4,2.5,6.3,3.0,1.0,13.1
1630567,Scottie Barnes,1610612761,13,32.5,15.0,3.9,3.7,7.8,5.2,1.9,19.7,1630567,Scottie Barnes,1610612761,27,33.8,15.1,3.6,3.7,7.9,5.3,2.5,19.6
1631101,Shaedon Sharpe,1610612757,12,27.6,17.2,6.8,4.8,5.3,1.7,2.8,20.9,1631101,Shaedon Sharpe,1610612757,22,28.5,17.3,6.1,5.2,4.6,2.4,2.8,21.7
1628983,Shai Gilgeous-Alexander,1610612760,14,33.6,21.0,5.9,9.0,5.1,6.6,1.6,32.6,1628983,Shai Gilgeous-Alexander,1610612760,25,33.2,19.4,5.0,9.7,4.6,6.4,1.9,32.4
1630536,Sharife Cooper,1610612764,2,2.0,0.0,0.0,0.0,0.0,0.0,0.5,0.0,1630536,Sharife Cooper,1610612764,4,2.5,0.3,0.3,0.0,0.0,0.0,0.3,0.0
1631321,Sidy Cissoko,1610612757,7,11.0,1.9,0.6,0.7,1.6,0.7,0.1,2.6,1631321,Sidy Cissoko,1610612757,21,19.5,4.8,2.8,0.9,2.3,1.3,0.9,5.7
1631323,Simone Fontecchio,1610612748,13,18.9,7.4,5.2,1.6,2.5,1.0,0.9,11.3,1631323,Simone Fontecchio,1610612748,25,18.9,7.7,5.6,1.6,3.0,1.6,1.0,9.6
1642883,Sion James,1610612766,13,26.9,5.5,3.2,1.5,3.0,1.5,0.9,8.2,1642883,Sion James,1610612766,26,26.5,5.3,3.3,1.5,3.3,1.5,1.0,7.0
1642461,Spencer Jones,1610612743,8,9.0,1.1,0.6,0.5,0.3,0.5,0.6,1.9,1642461,Spencer Jones,1610612743,21,17.4,3.1,1.7,0.8,2.1,0.7,0.6,4.8
201939,Stephen Curry,1610612744,11,30.8,19.6,11.6,6.4,3.5,3.7,2.5,29.1,201939,Stephen Curry,1610612744,18,31.3,20.2,12.6,5.4,3.7,3.9,3.1,29.6
1642264,Stephon Castle,1610612759,12,33.3,12.6,4.0,6.9,6.3,7.8,4.1,18.4,1642264,Stephon Castle,1610612759,16,31.2,12.5,3.9,6.5,6.1,6.9,4.1,18.4
203500,Steven Adams,1610612745,10,21.2,4.1,0.0,2.1,9.0,1.6,1.0,6.4,203500,Steven Adams,1610612745,19,21.3,4.2,0.0,2.3,8.6,1.5,1.1,6.3
1629004,Svi Mykhailiuk,1610612762,12,27.0,7.7,5.6,0.5,2.8,2.0,0.8,9.4,1629004,Svi Mykhailiuk,1610612762,24,26.0,7.1,4.9,0.3,2.6,2.1,0.9,8.9
204456,T.J. McConnell,1610612754,3,14.3,10.3,2.0,0.3,1.0,2.3,0.0,8.7,204456,T.J. McConnell,1610612754,16,16.6,8.4,1.1,0.1,2.5,4.3,0.9,9.2
1643007,Taelon Peter,1610612754,9,9.7,2.7,2.4,0.3,1.6,1.3,0.9,2.2,1643007,Taelon Peter,1610612754,15,7.1,1.9,1.8,0.3,1.1,0.9,0.6,1.6
1631106,Tari Eason,1610612745,11,23.2,8.6,4.8,0.6,5.3,1.6,1.7,11.5,1631106,Tari Eason,1610612745,11,23.2,8.6,4.8,0.6,5.3,1.6,1.7,11.5
1627752,Taurean Prince,1610612749,8,21.1,4.8,3.5,0.4,1.6,1.0,0.6,6.1,1627752,Taurean Prince,1610612749,8,21.1,4.8,3.5,0.4,1.6,1.0,0.6,6.1
1641707,Taylor Hendricks,1610612763,9,16.5,4.4,1.9,0.9,4.2,0.4,0.6,4.4,1641707,Taylor Hendricks,1610612763,14,14.8,4.4,2.2,1.1,3.6,0.6,0.5,5.5
1629611,Terance Mann,1610612751,12,26.9,7.8,3.0,1.4,2.8,3.2,0.8,9.9,1629611,Terance Mann,1610612751,23,26.1,7.0,2.9,1.7,3.5,3.7,1.0,8.8
1630545,Terrence Shannon Jr,1610612750,7,16.5,4.0,1.6,1.0,2.4,1.1,0.9,3.9,1630545,Terrence Shannon Jr,1610612750,17,14.0,3.8,1.6,1.5,1.6,0.8,0.8,4.8
203648,Thanasis Antetokounmpo,1610612749,4,2.3,0.5,0.0,0.0,0.3,0.0,0.0,0.5,203648,Thanasis Antetokounmpo,1610612749,10,2.5,0.9,0.0,0.9,0.4,0.0,0.1,1.8
1628418,Thomas Bryant,1610612739,8,6.7,2.8,1.3,0.4,1.9,0.1,0.1,2.5,1628418,Thomas Bryant,1610612739,20,8.1,2.9,1.3,0.9,2.4,0.3,0.3,3.6
1642275,Tidjane Salaün,1610612766,7,11.9,2.7,1.7,0.9,3.6,0.7,0.4,3.1,1642275,Tidjane Salaün,1610612766,13,14.8,4.0,2.4,1.5,3.5,0.9,0.6,6.3
203501,Tim Hardaway Jr.,1610612743,12,23.3,8.2,5.6,1.5,1.9,1.6,0.3,12.0,203501,Tim Hardaway Jr.,1610612743,25,25.5,9.0,5.9,1.8,2.0,1.5,0.3,12.2
202699,Tobias Harris,1610612765,6,32.2,11.8,4.7,3.0,6.0,2.8,1.3,13.5,202699,Tobias Harris,1610612765,16,29.3,11.3,4.6,3.0,5.1,2.4,1.1,14.3
1642449,Tolu Smith,1610612765,2,11.1,4.0,0.0,3.5,5.5,1.0,0.5,8.5,1642449,Tolu Smith,1610612765,2,11.1,4.0,0.0,3.5,5.5,1.0,0.5,8.5
1628396,Tony Bradley,1610612737,13,14.3,3.8,0.1,1.3,3.3,0.8,0.3,5.8,1628396,Tony Bradley,1610612737,22,11.7,3.3,0.0,1.3,2.6,0.6,0.4,4.8
1641739,Toumani Camara,1610612757,12,34.1,10.9,6.6,1.8,4.8,2.9,2.0,12.4,1641739,Toumani Camara,1610612757,26,33.1,10.7,7.0,1.6,5.2,2.8,2.0,12.3
1629027,Trae Young,1610612764,5,27.8,14.0,5.2,7.8,2.0,7.8,2.0,17.8,1629027,Trae Young,1610612764,5,27.8,14.0,5.2,7.8,2.0,7.8,2.0,17.8
1631218,Trayce Jackson-Davis,1610612761,8,12.1,3.4,0.0,1.4,2.5,1.3,0.9,4.5,1631218,Trayce Jackson-Davis,1610612761,17,13.0,3.1,0.0,1.6,3.5,1.2,0.5,4.6
1642848,Tre Johnson,1610612764,12,25.8,10.3,5.3,1.2,3.5,1.4,1.6,11.9,1642848,Tre Johnson,1610612764,17,23.3,9.4,4.9,1.2,2.8,1.4,1.5,11.2
1630200,Tre Jones,1610612741,11,29.9,8.8,1.5,4.7,4.0,5.5,1.6,13.3,1630200,Tre Jones,1610612741,19,28.2,8.2,1.6,4.4,3.1,4.9,1.5,12.5
1630544,Tre Mann,1610612766,13,22.7,11.2,5.5,1.0,3.3,3.3,2.1,10.6,1630544,Tre Mann,1610612766,18,20.6,9.7,4.9,0.7,2.8,2.7,1.9,9.2
1630570,Trendon Watford,1610612755,9,21.6,6.6,1.3,2.1,4.8,3.7,1.4,9.0,1630570,Trendon Watford,1610612755,14,20.4,6.3,1.3,2.1,4.6,3.6,1.5,8.9
1641998,Trey Jemison III,1610612752,1,7.7,0.0,0.0,0.0,2.0,0.0,0.0,0.0,1641998,Trey Jemison III,1610612752,3,3.5,0.0,0.0,0.0,1.0,0.0,0.3,0.0
1630530,Trey Murphy III,1610612740,12,36.1,15.2,7.9,3.4,6.8,3.4,1.8,19.8,1630530,Trey Murphy III,1610612740,25,35.5,15.2,7.4,4.0,6.5,3.5,2.0,21.1
1641774,Tristan Vukcevic,1610612764,9,5.8,2.3,1.1,1.1,0.8,0.4,0.4,3.0,1641774,Tristan Vukcevic,1610612764,21,12.0,5.0,2.0,2.3,2.4,1.0,1.2,6.9
1641783,Tristan da Silva,1610612753,13,21.9,8.4,4.8,1.7,3.7,0.9,0.9,11.5,1641783,Tristan da Silva,1610612753,26,23.2,8.2,4.4,1.0,3.9,1.2,1.0,9.7
1642278,Tyler Kolek,1610612752,10,6.7,2.4,1.3,0.0,0.5,1.3,0.6,2.3,1642278,Tyler Kolek,1610612752,21,10.2,3.2,1.5,0.4,1.0,2.0,0.6,3.6
1631213,Tyrese Martin,1610612755,12,20.7,7.1,4.3,0.7,3.3,2.3,1.0,6.3,1631213,Tyrese Martin,1610612755,24,20.9,7.8,4.5,0.9,3.3,2.4,1.0,8.4
1630178,Tyrese Maxey,1610612755,12,40.4,23.3,9.2,7.9,5.1,7.8,2.5,32.0,1630178,Tyrese Maxey,1610612755,23,39.9,22.9,9.3,7.3,4.7,7.2,2.7,31.5
1642878,Tyrese Proctor,1610612739,12,11.9,5.2,3.4,0.6,1.0,1.2,0.5,5.0,1642878,Tyrese Proctor,1610612739,19,12.1,4.9,3.2,1.1,1.2,1.4,0.4,5.3
1630623,Tyson Etienne,1610612751,4,5.8,2.0,1.8,0.0,0.0,0.0,0.0,0.8,1630623,Tyson Etienne,1610612751,8,4.3,1.9,1.6,0.0,0.0,0.1,0.1,1.5
1626145,Tyus Jones,1610612743,13,12.5,2.4,1.3,0.0,0.8,1.4,0.4,1.5,1626145,Tyus Jones,1610612743,26,13.9,2.7,1.7,0.1,0.8,2.0,0.3,2.4
1642845,VJ Edgecombe,1610612755,12,37.3,14.1,5.5,2.6,5.7,4.2,2.0,15.6,1642845,VJ Edgecombe,1610612755,22,35.0,13.3,5.3,2.6,5.6,4.0,1.7,15.2
1641705,Victor Wembanyama,1610612759,12,34.7,18.4,4.8,7.0,12.9,4.0,3.6,26.2,1641705,Victor Wembanyama,1610612759,13,33.6,17.8,4.5,7.4,12.6,3.8,3.7,25.8
1631246,Vince Williams Jr.,1610612762,9,19.3,6.4,4.3,1.6,4.2,2.7,2.0,8.0,1631246,Vince Williams Jr.,1610612762,21,21.7,7.6,4.3,1.3,4.2,5.0,2.1,7.5
1630249,Vít Krejčí,1610612757,9,21.0,7.2,5.4,1.1,2.3,1.8,0.6,11.6,1630249,Vít Krejčí,1610612757,23,23.9,7.1,5.6,0.8,2.3,1.8,0.9,10.4
1631117,Walker Kessler,1610612762,5,30.8,7.4,1.6,4.0,10.8,3.0,3.2,14.4,1631117,Walker Kessler,1610612762,5,30.8,7.4,1.6,4.0,10.8,3.0,3.2,14.4
1642383,Walter Clayton Jr.,1610612763,11,16.1,4.9,2.6,1.3,2.4,3.2,1.4,6.2,1642383,Walter Clayton Jr.,1610612763,21,16.6,5.2,2.7,1.1,2.2,3.5,1.4,6.3
1628976,Wendell Carter Jr.,1610612753,13,29.3,7.6,2.8,3.6,7.5,1.8,2.2,12.2,1628976,Wendell Carter Jr.,1610612753,25,29.9,7.5,2.8,3.4,7.6,2.0,1.5,11.8
1631111,Wendell Moore Jr.,1610612765,2,14.0,2.0,0.5,0.0,1.0,1.5,0.0,3.0,1631111,Wendell Moore Jr.,1610612765,3,14.4,2.0,0.3,0.0,1.3,1.0,0.3,2.0
1642954,Will Richard,1610612744,12,17.9,5.6,3.3,1.9,2.1,1.3,0.7,9.4,1642954,Will Richard,1610612744,23,19.1,5.3,3.2,1.3,2.7,1.1,0.7,8.0
1642860,Will Riley,1610612764,9,7.1,2.0,0.4,0.7,1.6,0.8,0.2,2.2,1642860,Will Riley,1610612764,18,11.5,3.4,1.1,1.2,1.8,0.9,0.7,4.6
1630214,Xavier Tillman,1610612766,7,8.7,2.6,1.1,0.0,2.4,0.6,0.1,2.9,1630214,Xavier Tillman,1610612766,11,9.4,2.5,1.2,0.0,2.2,0.5,0.4,2.8
1642905,Yang Hansen,1610612757,5,5.8,1.8,0.6,1.2,0.8,0.0,0.6,1.8,1642905,Yang Hansen,1610612757,13,7.7,3.1,1.2,0.8,1.8,0.8,0.7,2.6
1642949,Yanic Konan Niederhäuser,1610612746,5,4.5,1.6,0.0,1.6,1.2,0.4,0.2,3.8,1642949,Yanic Konan Niederhäuser,1610612746,12,5.0,1.5,0.0,1.0,1.3,0.3,0.3,2.8
1642274,Yves Missi,1610612740,7,18.3,3.1,0.0,2.3,4.9,1.1,1.1,5.6,1642274,Yves Missi,1610612740,20,18.8,4.4,0.0,1.4,5.7,1.2,1.1,5.6
1642258,Zaccharie Risacher,1610612737,11,24.6,10.5,4.5,1.7,2.6,1.3,0.8,12.7,1642258,Zaccharie Risacher,1610612737,24,24.6,9.6,4.4,1.4,2.7,1.5,0.8,11.2
1641744,Zach Edey,1610612763,1,24.7,7.0,1.0,9.0,7.0,0.0,1.0,13.0,1641744,Zach Edey,1610612763,11,25.8,8.9,0.5,2.9,11.1,1.1,2.4,13.6
203897,Zach LaVine,1610612758,11,35.3,16.1,7.8,4.6,3.6,2.2,2.0,24.0,203897,Zach LaVine,1610612758,23,32.8,14.7,7.0,3.6,3.0,2.3,2.2,20.2
1630192,Zeke Nnaji,1610612743,6,3.5,1.2,0.7,0.5,0.3,0.3,0.3,1.8,1630192,Zeke Nnaji,1610612743,15,8.3,1.6,0.8,0.5,1.5,0.2,0.5,2.3
1630533,Ziaire Williams,1610612751,10,22.1,7.9,5.8,2.1,2.4,0.5,0.8,9.7,1630533,Ziaire Williams,1610612751,22,23.0,7.6,5.5,1.9,2.7,0.8,1.0,9.3
1629627,Zion Williamson,1610612740,5,31.5,15.6,0.0,11.4,6.8,4.6,3.4,22.8,1629627,Zion Williamson,1610612740,11,30.5,14.5,0.3,9.6,5.6,3.9,2.9,21.7
